{
	"tagList": [
		"enemy"
	],
	"sceneList": [
		{
			"name": "Init",
			"actorList": [
				{
					"scriptList": [],
					"key": 0,
					"sleeping": false,
					"x": 0,
					"y": 0,
					"width": 960,
					"height": 480,
					"scaleX": 1,
					"scaleY": 1,
					"angle": 0,
					"screen": false,
					"collider": "Box",
					"tags": "",
					"spriteOn": true,
					"image": "background.png",
					"color": "#ffffff",
					"opacity": 1,
					"flipX": false,
					"flipY": false,
					"scrollX": 0,
					"scrollY": 0,
					"tileX": 1,
					"tileY": 1,
					"textOn": false,
					"text": "",
					"font": "Arial",
					"size": 30,
					"fill": "#000000",
					"style": "Normal",
					"align": "Center",
					"offsetX": 0,
					"offsetY": 0,
					"soundOn": false,
					"sound": "",
					"start": 0,
					"volume": 1,
					"pan": 0,
					"loop": false,
					"physicsOn": false,
					"type": "Dynamic",
					"fixedAngle": false,
					"velocityX": 0,
					"velocityY": 0,
					"angularVelocity": 0,
					"density": 1,
					"friction": 0.5,
					"restitution": 0.5,
					"dampingLinear": 0,
					"dampingAngular": 0,
					"name": "Actor_1"
				},
				{
					"scriptList": [
						{
							"nodeList": [
								{
									"type": "Animate",
									"parameters": {
										"animation": "chicken_hit 1.png,chicken_hit 2.png",
										"fps": "6"
									}
								}
							],
							"name": "Script_1"
						}
					],
					"key": 0,
					"sleeping": false,
					"x": -184.30889600162584,
					"y": -61.88038747480912,
					"width": 253,
					"height": 212,
					"scaleX": 1,
					"scaleY": 1,
					"angle": 0,
					"screen": false,
					"collider": "Box",
					"tags": "",
					"spriteOn": true,
					"image": "chicken_hit 1.png",
					"color": "#ffffff",
					"opacity": 1,
					"flipX": false,
					"flipY": false,
					"scrollX": 0,
					"scrollY": 0,
					"tileX": 1,
					"tileY": 1,
					"textOn": false,
					"text": "",
					"font": "Arial",
					"size": 30,
					"fill": "#000000",
					"style": "Normal",
					"align": "Center",
					"offsetX": 0,
					"offsetY": 0,
					"soundOn": false,
					"sound": "",
					"start": 0,
					"volume": 1,
					"pan": 0,
					"loop": false,
					"physicsOn": false,
					"type": "Dynamic",
					"fixedAngle": false,
					"velocityX": 0,
					"velocityY": 0,
					"angularVelocity": 0,
					"density": 1,
					"friction": 0.5,
					"restitution": 0.5,
					"dampingLinear": 0,
					"dampingAngular": 0,
					"name": "Actor_2"
				},
				{
					"scriptList": [],
					"key": 0,
					"sleeping": false,
					"x": 34.15373672712485,
					"y": 51.5847008416737,
					"width": 372,
					"height": 102,
					"scaleX": 1,
					"scaleY": 1,
					"angle": 0,
					"screen": false,
					"collider": "Box",
					"tags": "",
					"spriteOn": true,
					"image": "text_B-I-R-D-S.png",
					"color": "#ffffff",
					"opacity": 1,
					"flipX": false,
					"flipY": false,
					"scrollX": 0,
					"scrollY": 0,
					"tileX": 1,
					"tileY": 1,
					"textOn": false,
					"text": "",
					"font": "Arial",
					"size": 30,
					"fill": "#000000",
					"style": "Normal",
					"align": "Center",
					"offsetX": 0,
					"offsetY": 0,
					"soundOn": false,
					"sound": "",
					"start": 0,
					"volume": 1,
					"pan": 0,
					"loop": false,
					"physicsOn": false,
					"type": "Dynamic",
					"fixedAngle": false,
					"velocityX": 0,
					"velocityY": 0,
					"angularVelocity": 0,
					"density": 1,
					"friction": 0.5,
					"restitution": 0.5,
					"dampingLinear": 0,
					"dampingAngular": 0,
					"name": "Actor_3"
				},
				{
					"scriptList": [
						{
							"nodeList": [
								{
									"type": "Touch",
									"parameters": {
										"mode": "Down",
										"on_Actor": true
									},
									"nodeListTrue": [
										{
											"type": "Edit",
											"parameters": {
												"property": "Game.currentScene",
												"value": "play"
											}
										}
									],
									"nodeListFalse": []
								}
							],
							"name": "Script_1"
						}
					],
					"key": 0,
					"sleeping": false,
					"x": 79.97277261257565,
					"y": -71.13278937471003,
					"width": 257.2247370827617,
					"height": 76.01203814502414,
					"scaleX": 0.6080963051601931,
					"scaleY": 0.6080963051601931,
					"angle": 0,
					"screen": false,
					"collider": "Box",
					"tags": "",
					"spriteOn": true,
					"image": "text_click-to-fly.png",
					"color": "#ffffff",
					"opacity": 1,
					"flipX": false,
					"flipY": false,
					"scrollX": 0,
					"scrollY": 0,
					"tileX": 1,
					"tileY": 1,
					"textOn": false,
					"text": "",
					"font": "Arial",
					"size": 30,
					"fill": "#000000",
					"style": "Normal",
					"align": "Center",
					"offsetX": 0,
					"offsetY": 0,
					"soundOn": false,
					"sound": "",
					"start": 0,
					"volume": 1,
					"pan": 0,
					"loop": false,
					"physicsOn": false,
					"type": "Dynamic",
					"fixedAngle": false,
					"velocityX": 0,
					"velocityY": 0,
					"angularVelocity": 0,
					"density": 1,
					"friction": 0.5,
					"restitution": 0.5,
					"dampingLinear": 0,
					"dampingAngular": 0,
					"name": "Actor_4"
				}
			]
		},
		{
			"name": "play",
			"actorList": [
				{
					"scriptList": [],
					"key": 0,
					"sleeping": false,
					"x": 0,
					"y": 0,
					"width": 960,
					"height": 480,
					"scaleX": 1,
					"scaleY": 1,
					"angle": 0,
					"screen": false,
					"collider": "Box",
					"tags": "",
					"spriteOn": true,
					"image": "background.png",
					"color": "#ffffff",
					"opacity": 1,
					"flipX": false,
					"flipY": false,
					"scrollX": -50,
					"scrollY": 0,
					"tileX": 1,
					"tileY": 1,
					"textOn": false,
					"text": "",
					"font": "Arial",
					"size": 30,
					"fill": "#000000",
					"style": "Normal",
					"align": "Center",
					"offsetX": 0,
					"offsetY": 0,
					"soundOn": false,
					"sound": "",
					"start": 0,
					"volume": 1,
					"pan": 0,
					"loop": false,
					"physicsOn": false,
					"type": "Dynamic",
					"fixedAngle": false,
					"velocityX": 0,
					"velocityY": 0,
					"angularVelocity": 0,
					"density": 1,
					"friction": 0.5,
					"restitution": 0.5,
					"dampingLinear": 0,
					"dampingAngular": 0,
					"name": "background"
				},
				{
					"scriptList": [
						{
							"nodeList": [
								{
									"type": "Animate",
									"parameters": {
										"animation": "chicken_fly 1.png,chicken_fly 2.png,chicken_fly 3.png,chicken_fly 4.png",
										"fps": 24
									}
								},
								{
									"type": "Touch",
									"parameters": {
										"mode": "Tap",
										"on_Actor": false
									},
									"nodeListTrue": [
										{
											"type": "Push",
											"parameters": {
												"force": "5",
												"angle": "90"
											}
										}
									],
									"nodeListFalse": []
								}
							],
							"name": "movement"
						},
						{
							"nodeList": [
								{
									"type": "Collision",
									"parameters": {
										"tags": "enemy"
									},
									"nodeListTrue": [
										{
											"type": "Edit",
											"parameters": {
												"property": "Game.currentScene",
												"value": "gameover"
											}
										}
									],
									"nodeListFalse": []
								}
							],
							"name": "dead"
						}
					],
					"key": 0,
					"sleeping": false,
					"x": -271.86657902758725,
					"y": 31.351778656126484,
					"width": 95.25,
					"height": 75.29644268774703,
					"scaleX": 0.37648221343873517,
					"scaleY": 0.37648221343873517,
					"angle": 0,
					"screen": false,
					"collider": "Box",
					"tags": "",
					"spriteOn": true,
					"image": "chicken_fly 1.png",
					"color": "#ffffff",
					"opacity": 1,
					"flipX": false,
					"flipY": false,
					"scrollX": 0,
					"scrollY": 0,
					"tileX": 1,
					"tileY": 1,
					"textOn": false,
					"text": "",
					"font": "Arial",
					"size": 30,
					"fill": "#000000",
					"style": "Normal",
					"align": "Center",
					"offsetX": 0,
					"offsetY": 0,
					"soundOn": false,
					"sound": "",
					"start": 0,
					"volume": 1,
					"pan": 0,
					"loop": false,
					"physicsOn": true,
					"type": "Dynamic",
					"fixedAngle": true,
					"velocityX": 0,
					"velocityY": 0,
					"angularVelocity": 0,
					"density": 1,
					"friction": 0.5,
					"restitution": 0,
					"dampingLinear": 0,
					"dampingAngular": 0,
					"name": "player"
				},
				{
					"scriptList": [],
					"key": 0,
					"sleeping": false,
					"x": 0,
					"y": -224.75,
					"width": 800,
					"height": 41.5,
					"scaleX": 0.36231884057971014,
					"scaleY": 0.2128205128205128,
					"angle": 0,
					"screen": false,
					"collider": "Box",
					"tags": "enemy",
					"spriteOn": true,
					"image": "spike B.png",
					"color": "#ffffff",
					"opacity": 1,
					"flipX": false,
					"flipY": false,
					"scrollX": 0,
					"scrollY": 0,
					"tileX": 12,
					"tileY": 1,
					"textOn": false,
					"text": "",
					"font": "Arial",
					"size": 30,
					"fill": "#000000",
					"style": "Normal",
					"align": "Center",
					"offsetX": 0,
					"offsetY": 0,
					"soundOn": false,
					"sound": "",
					"start": 0,
					"volume": 1,
					"pan": 0,
					"loop": false,
					"physicsOn": true,
					"type": "Static",
					"fixedAngle": false,
					"velocityX": 0,
					"velocityY": 0,
					"angularVelocity": 0,
					"density": 1,
					"friction": 0.5,
					"restitution": 0.5,
					"dampingLinear": 0,
					"dampingAngular": 0,
					"name": "floor"
				},
				{
					"scriptList": [],
					"key": 0,
					"sleeping": false,
					"x": 0,
					"y": 270,
					"width": 800,
					"height": 50,
					"scaleX": 16,
					"scaleY": 1,
					"angle": 0,
					"screen": false,
					"collider": "Box",
					"tags": "",
					"spriteOn": false,
					"image": "",
					"color": "#ffffff",
					"opacity": 1,
					"flipX": false,
					"flipY": false,
					"scrollX": 0,
					"scrollY": 0,
					"tileX": 1,
					"tileY": 1,
					"textOn": false,
					"text": "",
					"font": "Arial",
					"size": 30,
					"fill": "#000000",
					"style": "Normal",
					"align": "Center",
					"offsetX": 0,
					"offsetY": 0,
					"soundOn": false,
					"sound": "",
					"start": 0,
					"volume": 1,
					"pan": 0,
					"loop": false,
					"physicsOn": true,
					"type": "Static",
					"fixedAngle": false,
					"velocityX": 0,
					"velocityY": 0,
					"angularVelocity": 0,
					"density": 1,
					"friction": 0.5,
					"restitution": 0,
					"dampingLinear": 0,
					"dampingAngular": 0,
					"name": "wall"
				},
				{
					"scriptList": [],
					"key": 0,
					"sleeping": true,
					"x": 566.4998171010517,
					"y": 206.9137121451936,
					"width": 58.99963420210338,
					"height": 56.730417502022476,
					"scaleX": 0.2836520875101124,
					"scaleY": 0.2836520875101124,
					"angle": 0,
					"screen": false,
					"collider": "Box",
					"tags": "enemy",
					"spriteOn": true,
					"image": "skull 1.png",
					"color": "#ffffff",
					"opacity": 1,
					"flipX": false,
					"flipY": false,
					"scrollX": 0,
					"scrollY": 0,
					"tileX": 1,
					"tileY": 1,
					"textOn": false,
					"text": "",
					"font": "Arial",
					"size": 30,
					"fill": "#000000",
					"style": "Normal",
					"align": "Center",
					"offsetX": 0,
					"offsetY": 0,
					"soundOn": false,
					"sound": "",
					"start": 0,
					"volume": 1,
					"pan": 0,
					"loop": false,
					"physicsOn": true,
					"type": "Kinematic",
					"fixedAngle": false,
					"velocityX": -300,
					"velocityY": 0,
					"angularVelocity": 0,
					"density": 1,
					"friction": 0.5,
					"restitution": 0.5,
					"dampingLinear": 0,
					"dampingAngular": 0,
					"name": "skull"
				},
				{
					"scriptList": [
						{
							"nodeList": [
								{
									"type": "Timer",
									"parameters": {
										"seconds": "2"
									},
									"nodeListTrue": [
										{
											"type": "Spawn",
											"parameters": {
												"actor": "skull",
												"x": 0,
												"y": "random(-160,160)",
												"angle": 0
											}
										}
									],
									"nodeListFalse": []
								}
							],
							"name": "Script_1"
						}
					],
					"key": 0,
					"sleeping": false,
					"x": 467.5226337448559,
					"y": 4.75918305136409,
					"width": 50,
					"height": 50,
					"scaleX": 1,
					"scaleY": 1,
					"angle": 0,
					"screen": false,
					"collider": "Box",
					"tags": "",
					"spriteOn": false,
					"image": "",
					"color": "#ffffff",
					"opacity": 1,
					"flipX": false,
					"flipY": false,
					"scrollX": 0,
					"scrollY": 0,
					"tileX": 1,
					"tileY": 1,
					"textOn": false,
					"text": "",
					"font": "Arial",
					"size": 30,
					"fill": "#000000",
					"style": "Normal",
					"align": "Center",
					"offsetX": 0,
					"offsetY": 0,
					"soundOn": false,
					"sound": "",
					"start": 0,
					"volume": 1,
					"pan": 0,
					"loop": false,
					"physicsOn": false,
					"type": "Dynamic",
					"fixedAngle": false,
					"velocityX": 0,
					"velocityY": 0,
					"angularVelocity": 0,
					"density": 1,
					"friction": 0.5,
					"restitution": 0.5,
					"dampingLinear": 0,
					"dampingAngular": 0,
					"name": "spawner"
				}
			]
		},
		{
			"name": "gameover",
			"actorList": [
				{
					"scriptList": [],
					"key": 0,
					"sleeping": false,
					"x": 0,
					"y": 0,
					"width": 960,
					"height": 480,
					"scaleX": 1,
					"scaleY": 1,
					"angle": 0,
					"screen": false,
					"collider": "Box",
					"tags": "",
					"spriteOn": true,
					"image": "background.png",
					"color": "#ffffff",
					"opacity": 1,
					"flipX": false,
					"flipY": false,
					"scrollX": 0,
					"scrollY": 0,
					"tileX": 1,
					"tileY": 1,
					"textOn": false,
					"text": "",
					"font": "Arial",
					"size": 30,
					"fill": "#000000",
					"style": "Normal",
					"align": "Center",
					"offsetX": 0,
					"offsetY": 0,
					"soundOn": false,
					"sound": "",
					"start": 0,
					"volume": 1,
					"pan": 0,
					"loop": false,
					"physicsOn": false,
					"type": "Dynamic",
					"fixedAngle": false,
					"velocityX": 0,
					"velocityY": 0,
					"angularVelocity": 0,
					"density": 1,
					"friction": 0.5,
					"restitution": 0.5,
					"dampingLinear": 0,
					"dampingAngular": 0,
					"name": "Actor_3"
				},
				{
					"scriptList": [],
					"key": 0,
					"sleeping": false,
					"x": 23.992684042066735,
					"y": 27.621551592744964,
					"width": 469,
					"height": 101,
					"scaleX": 1,
					"scaleY": 1,
					"angle": 0,
					"screen": false,
					"collider": "Box",
					"tags": "",
					"spriteOn": true,
					"image": "text_GAME-OVER.png",
					"color": "#ffffff",
					"opacity": 1,
					"flipX": false,
					"flipY": false,
					"scrollX": 0,
					"scrollY": 0,
					"tileX": 1,
					"tileY": 1,
					"textOn": false,
					"text": "",
					"font": "Arial",
					"size": 30,
					"fill": "#000000",
					"style": "Normal",
					"align": "Center",
					"offsetX": 0,
					"offsetY": 0,
					"soundOn": false,
					"sound": "",
					"start": 0,
					"volume": 1,
					"pan": 0,
					"loop": false,
					"physicsOn": false,
					"type": "Dynamic",
					"fixedAngle": false,
					"velocityX": 0,
					"velocityY": 0,
					"angularVelocity": 0,
					"density": 1,
					"friction": 0.5,
					"restitution": 0.5,
					"dampingLinear": 0,
					"dampingAngular": 0,
					"name": "Actor_1"
				},
				{
					"scriptList": [
						{
							"nodeList": [
								{
									"type": "Touch",
									"parameters": {
										"mode": "Down",
										"on_Actor": true
									},
									"nodeListTrue": [
										{
											"type": "Edit",
											"parameters": {
												"property": "Game.currentScene",
												"value": "play"
											}
										}
									],
									"nodeListFalse": []
								}
							],
							"name": "Script_1"
						}
					],
					"key": 0,
					"sleeping": false,
					"x": 0,
					"y": -88.21444901691822,
					"width": 164.5,
					"height": 90.3,
					"scaleX": 0.7,
					"scaleY": 0.7,
					"angle": 0,
					"screen": false,
					"collider": "Box",
					"tags": "",
					"spriteOn": true,
					"image": "text_replay.png",
					"color": "#ffffff",
					"opacity": 1,
					"flipX": false,
					"flipY": false,
					"scrollX": 0,
					"scrollY": 0,
					"tileX": 1,
					"tileY": 1,
					"textOn": false,
					"text": "",
					"font": "Arial",
					"size": 30,
					"fill": "#000000",
					"style": "Normal",
					"align": "Center",
					"offsetX": 0,
					"offsetY": 0,
					"soundOn": false,
					"sound": "",
					"start": 0,
					"volume": 1,
					"pan": 0,
					"loop": false,
					"physicsOn": false,
					"type": "Dynamic",
					"fixedAngle": false,
					"velocityX": 0,
					"velocityY": 0,
					"angularVelocity": 0,
					"density": 1,
					"friction": 0.5,
					"restitution": 0.5,
					"dampingLinear": 0,
					"dampingAngular": 0,
					"name": "Actor_2"
				}
			]
		}
	],
	"name": "Bird",
	"displayWidth": 800,
	"displayHeight": 480,
	"cameraX": 0,
	"cameraY": 0,
	"cameraAngle": 0,
	"cameraZoom": 1,
	"backgroundColor": "#ffffff",
	"soundOn": false,
	"soundtrack": "",
	"volume": 1,
	"start": 0,
	"pan": 0,
	"loop": false,
	"physicsOn": true,
	"gravityX": 0,
	"gravityY": -9.8
}