{
	"name": "Untitled Game",
	"displayWidth": 800,
	"displayHeight": 480,
	"cameraX": 0,
	"cameraY": 0,
	"cameraAngle": 0,
	"cameraZoom": 1,
	"backgroundColor": "#e7e8f9",
	"soundOn": false,
	"soundtrack": "",
	"volume": 1,
	"start": 0,
	"pan": 0,
	"loop": false,
	"physicsOn": true,
	"gravityX": 0,
	"gravityY": -9.8,
	"tagList": [
		"floor",
		"enemy"
	],
	"sceneList": [
		{
			"name": "Scene_3",
			"actorList": [
				{
					"name": "Actor_2",
					"sleeping": false,
					"x": -2,
					"y": 0,
					"width": 800,
					"height": 480,
					"scaleX": 1,
					"scaleY": 1,
					"angle": 0,
					"screen": false,
					"collider": "Box",
					"tags": "",
					"spriteOn": true,
					"image": "background.png",
					"color": "#ffffff",
					"opacity": 1,
					"flipX": false,
					"flipY": false,
					"scrollX": 0,
					"scrollY": 0,
					"tileX": 1,
					"tileY": 1,
					"textOn": false,
					"text": "",
					"font": "Arial",
					"size": 30,
					"fill": "#000000",
					"style": "Normal",
					"align": "Center",
					"offsetX": 0,
					"offsetY": 0,
					"soundOn": false,
					"sound": "",
					"start": 0,
					"volume": 1,
					"pan": 0,
					"loop": false,
					"physicsOn": false,
					"type": "Dynamic",
					"fixedAngle": false,
					"velocityX": 0,
					"velocityY": 0,
					"angularVelocity": 0,
					"density": 1,
					"friction": 0.5,
					"restitution": 0.5,
					"dampingLinear": 0,
					"dampingAngular": 0,
					"scriptList": []
				},
				{
					"name": "Actor_1",
					"sleeping": false,
					"x": -256,
					"y": 27,
					"width": 88,
					"height": 73,
					"scaleX": 1,
					"scaleY": 1,
					"angle": 0,
					"screen": false,
					"collider": "Box",
					"tags": "enemy",
					"spriteOn": true,
					"image": "planeGreen1.png",
					"color": "#ffffff",
					"opacity": 1,
					"flipX": false,
					"flipY": false,
					"scrollX": 0,
					"scrollY": 0,
					"tileX": 1,
					"tileY": 1,
					"textOn": false,
					"text": "",
					"font": "Arial",
					"size": 30,
					"fill": "#000000",
					"style": "Normal",
					"align": "Center",
					"offsetX": 0,
					"offsetY": 0,
					"soundOn": false,
					"sound": "",
					"start": 0,
					"volume": 1,
					"pan": 0,
					"loop": false,
					"physicsOn": false,
					"type": "Dynamic",
					"fixedAngle": false,
					"velocityX": 0,
					"velocityY": 0,
					"angularVelocity": 0,
					"density": 1,
					"friction": 0.5,
					"restitution": 0.5,
					"dampingLinear": 0,
					"dampingAngular": 0,
					"scriptList": [
						{
							"name": "Script_1",
							"nodeList": [
								{
									"type": "Keyboard",
									"parameters": {
										"key": "ArrowUp",
										"key_Mode": "Pressed"
									},
									"nodeListTrue": [
										{
											"type": "Move",
											"parameters": {
												"speed": "300",
												"angle": "90"
											}
										}
									],
									"nodeListFalse": []
								},
								{
									"type": "Keyboard",
									"parameters": {
										"key": "ArrowDown",
										"key_Mode": "Pressed"
									},
									"nodeListTrue": [
										{
											"type": "Move",
											"parameters": {
												"speed": "300",
												"angle": "-90"
											}
										}
									],
									"nodeListFalse": []
								}
							]
						}
					]
				},
				{
					"name": "Actor_3",
					"sleeping": false,
					"x": -349,
					"y": 197,
					"width": 50,
					"height": 50,
					"scaleX": 1,
					"scaleY": 1,
					"angle": 0,
					"screen": false,
					"collider": "Box",
					"tags": "",
					"spriteOn": false,
					"image": "",
					"color": "#ffffff",
					"opacity": 1,
					"flipX": false,
					"flipY": false,
					"scrollX": 0,
					"scrollY": 0,
					"tileX": 1,
					"tileY": 1,
					"textOn": true,
					"text": "${Game.FPS}",
					"font": "Arial",
					"size": 30,
					"fill": "#fb1313",
					"style": "Normal",
					"align": "Center",
					"offsetX": 0,
					"offsetY": 0,
					"soundOn": false,
					"sound": "",
					"start": 0,
					"volume": 1,
					"pan": 0,
					"loop": false,
					"physicsOn": false,
					"type": "Dynamic",
					"fixedAngle": false,
					"velocityX": 0,
					"velocityY": 0,
					"angularVelocity": 0,
					"density": 1,
					"friction": 0.5,
					"restitution": 0.5,
					"dampingLinear": 0,
					"dampingAngular": 0,
					"scriptList": []
				},
				{
					"name": "star",
					"sleeping": true,
					"x": 426,
					"y": 284,
					"width": 39,
					"height": 38,
					"scaleX": 1,
					"scaleY": 1,
					"angle": 0,
					"screen": false,
					"collider": "Box",
					"tags": "",
					"spriteOn": true,
					"image": "starGold.png",
					"color": "#ffffff",
					"opacity": 1,
					"flipX": false,
					"flipY": false,
					"scrollX": 0,
					"scrollY": 0,
					"tileX": 1,
					"tileY": 1,
					"textOn": false,
					"text": "",
					"font": "Arial",
					"size": 30,
					"fill": "#000000",
					"style": "Normal",
					"align": "Center",
					"offsetX": 0,
					"offsetY": 0,
					"soundOn": false,
					"sound": "",
					"start": 0,
					"volume": 1,
					"pan": 0,
					"loop": false,
					"physicsOn": false,
					"type": "Dynamic",
					"fixedAngle": false,
					"velocityX": 0,
					"velocityY": 0,
					"angularVelocity": 0,
					"density": 1,
					"friction": 0.5,
					"restitution": 0.5,
					"dampingLinear": 0,
					"dampingAngular": 0,
					"scriptList": [
						{
							"name": "move",
							"nodeList": [
								{
									"type": "Move",
									"parameters": {
										"speed": "300",
										"angle": "180"
									}
								}
							]
						},
						{
							"name": "delete",
							"nodeList": [
								{
									"type": "Collision",
									"parameters": {
										"tags": "enemy"
									},
									"nodeListTrue": [
										{
											"type": "Delete",
											"parameters": {}
										}
									],
									"nodeListFalse": []
								}
							]
						}
					]
				},
				{
					"name": "Actor_5",
					"sleeping": false,
					"x": 444,
					"y": 8,
					"width": 50,
					"height": 50,
					"scaleX": 1,
					"scaleY": 1,
					"angle": 0,
					"screen": false,
					"collider": "Box",
					"tags": "",
					"spriteOn": false,
					"image": "",
					"color": "#ffffff",
					"opacity": 1,
					"flipX": false,
					"flipY": false,
					"scrollX": 0,
					"scrollY": 0,
					"tileX": 1,
					"tileY": 1,
					"textOn": false,
					"text": "",
					"font": "Arial",
					"size": 30,
					"fill": "#000000",
					"style": "Normal",
					"align": "Center",
					"offsetX": 0,
					"offsetY": 0,
					"soundOn": false,
					"sound": "",
					"start": 0,
					"volume": 1,
					"pan": 0,
					"loop": false,
					"physicsOn": false,
					"type": "Dynamic",
					"fixedAngle": false,
					"velocityX": 0,
					"velocityY": 0,
					"angularVelocity": 0,
					"density": 1,
					"friction": 0.5,
					"restitution": 0.5,
					"dampingLinear": 0,
					"dampingAngular": 0,
					"scriptList": [
						{
							"name": "move",
							"nodeList": [
								{
									"type": "Timer",
									"parameters": {
										"seconds": 1
									},
									"nodeListTrue": [
										{
											"type": "Spawn",
											"parameters": {
												"actor": "star",
												"x": 0,
												"y": "random(-200,200)",
												"angle": 0
											}
										}
									],
									"nodeListFalse": []
								}
							]
						}
					]
				}
			]
		},
		{
			"name": "Scene_1",
			"actorList": [
				{
					"name": "Actor_1",
					"sleeping": false,
					"x": -224.4348422496571,
					"y": -207,
					"width": 350,
					"height": 70,
					"scaleX": 1,
					"scaleY": 1,
					"angle": 0,
					"screen": false,
					"collider": "Box",
					"tags": "floor",
					"spriteOn": true,
					"image": "stoneMid.png",
					"color": "#ffffff",
					"opacity": 1,
					"flipX": false,
					"flipY": false,
					"scrollX": 0,
					"scrollY": 0,
					"tileX": 5,
					"tileY": 1,
					"textOn": false,
					"text": "",
					"font": "Arial",
					"size": 30,
					"fill": "#000000",
					"style": "Normal",
					"align": "Center",
					"offsetX": 0,
					"offsetY": 0,
					"soundOn": false,
					"sound": "",
					"start": 0,
					"volume": 1,
					"pan": 0,
					"loop": false,
					"physicsOn": true,
					"type": "Static",
					"fixedAngle": false,
					"velocityX": 0,
					"velocityY": 0,
					"angularVelocity": 0,
					"density": 1,
					"friction": 0.5,
					"restitution": 0,
					"dampingLinear": 0,
					"dampingAngular": 0,
					"scriptList": []
				},
				{
					"name": "Actor_1_copy",
					"sleeping": false,
					"x": -15,
					"y": -25,
					"width": 350,
					"height": 70,
					"scaleX": 1,
					"scaleY": 1,
					"angle": 0,
					"screen": false,
					"collider": "Box",
					"tags": "floor",
					"spriteOn": true,
					"image": "stoneMid.png",
					"color": "#ffffff",
					"opacity": 1,
					"flipX": false,
					"flipY": false,
					"scrollX": 0,
					"scrollY": 0,
					"tileX": 5,
					"tileY": 1,
					"textOn": false,
					"text": "",
					"font": "Arial",
					"size": 30,
					"fill": "#000000",
					"style": "Normal",
					"align": "Center",
					"offsetX": 0,
					"offsetY": 0,
					"soundOn": false,
					"sound": "",
					"start": 0,
					"volume": 1,
					"pan": 0,
					"loop": false,
					"physicsOn": true,
					"type": "Static",
					"fixedAngle": false,
					"velocityX": 0,
					"velocityY": 0,
					"angularVelocity": 0,
					"density": 1,
					"friction": 0.5,
					"restitution": 0,
					"dampingLinear": 0,
					"dampingAngular": 0,
					"scriptList": []
				},
				{
					"name": "Actor_2",
					"sleeping": false,
					"x": -350.9861391533167,
					"y": -68.17630534506907,
					"width": 66,
					"height": 92,
					"scaleX": 1,
					"scaleY": 1,
					"angle": 0,
					"screen": false,
					"collider": "Box",
					"tags": "",
					"spriteOn": true,
					"image": "p1_front.png",
					"color": "#ffffff",
					"opacity": 1,
					"flipX": false,
					"flipY": false,
					"scrollX": 0,
					"scrollY": 0,
					"tileX": 1,
					"tileY": 1,
					"textOn": false,
					"text": "",
					"font": "Arial",
					"size": 30,
					"fill": "#000000",
					"style": "Normal",
					"align": "Center",
					"offsetX": 0,
					"offsetY": 0,
					"soundOn": false,
					"sound": "",
					"start": 0,
					"volume": 1,
					"pan": 0,
					"loop": false,
					"physicsOn": true,
					"type": "Dynamic",
					"fixedAngle": true,
					"velocityX": 0,
					"velocityY": 0,
					"angularVelocity": 0,
					"density": 1,
					"friction": 0.5,
					"restitution": 0,
					"dampingLinear": 0,
					"dampingAngular": 0,
					"scriptList": [
						{
							"name": "move",
							"nodeList": [
								{
									"type": "Keyboard",
									"parameters": {
										"key": "ArrowRight",
										"key_Mode": "Pressed"
									},
									"nodeListTrue": [
										{
											"type": "Move",
											"parameters": {
												"speed": "200",
												"angle": 0
											}
										}
									],
									"nodeListFalse": []
								},
								{
									"type": "Keyboard",
									"parameters": {
										"key": "ArrowLeft",
										"key_Mode": "Pressed"
									},
									"nodeListTrue": [
										{
											"type": "Move",
											"parameters": {
												"speed": "-200",
												"angle": 0
											}
										}
									],
									"nodeListFalse": []
								},
								{
									"type": "Keyboard",
									"parameters": {
										"key": "ArrowUp",
										"key_Mode": "Down"
									},
									"nodeListTrue": [
										{
											"type": "Collision",
											"parameters": {
												"tags": "floor"
											},
											"nodeListTrue": [
												{
													"type": "Push",
													"parameters": {
														"force": "42",
														"angle": "90"
													}
												}
											],
											"nodeListFalse": []
										}
									],
									"nodeListFalse": []
								}
							]
						},
						{
							"name": "dead",
							"nodeList": [
								{
									"type": "Collision",
									"parameters": {
										"tags": "enemy"
									},
									"nodeListTrue": [
										{
											"type": "Go_To",
											"parameters": {
												"scene": "Scene_2"
											}
										}
									],
									"nodeListFalse": []
								}
							]
						}
					]
				},
				{
					"name": "Actor_4",
					"sleeping": false,
					"x": 119.93128814130233,
					"y": -132.01621849739092,
					"width": 533.0526342529083,
					"height": 50,
					"scaleX": 10.661052685058166,
					"scaleY": 1,
					"angle": 0,
					"screen": false,
					"collider": "Box",
					"tags": "",
					"spriteOn": false,
					"image": "",
					"color": "#ffffff",
					"opacity": 1,
					"flipX": false,
					"flipY": false,
					"scrollX": 0,
					"scrollY": 0,
					"tileX": 1,
					"tileY": 1,
					"textOn": true,
					"text": "Si subes a la plataforma y te esperas quieto al rato cambia de escena",
					"font": "Arial",
					"size": 30,
					"fill": "#000000",
					"style": "Normal",
					"align": "Center",
					"offsetX": 0,
					"offsetY": 0,
					"soundOn": false,
					"sound": "",
					"start": 0,
					"volume": 1,
					"pan": 0,
					"loop": false,
					"physicsOn": false,
					"type": "Dynamic",
					"fixedAngle": false,
					"velocityX": 0,
					"velocityY": 0,
					"angularVelocity": 0,
					"density": 1,
					"friction": 0.5,
					"restitution": 0.5,
					"dampingLinear": 0,
					"dampingAngular": 0,
					"scriptList": []
				},
				{
					"name": "Actor_5",
					"sleeping": false,
					"x": 138,
					"y": 195,
					"width": 70,
					"height": 47,
					"scaleX": 1,
					"scaleY": 1,
					"angle": 0,
					"screen": false,
					"collider": "Box",
					"tags": "enemy",
					"spriteOn": true,
					"image": "bat.png",
					"color": "#ffffff",
					"opacity": 1,
					"flipX": false,
					"flipY": false,
					"scrollX": 0,
					"scrollY": 0,
					"tileX": 1,
					"tileY": 1,
					"textOn": false,
					"text": "",
					"font": "Arial",
					"size": 30,
					"fill": "#000000",
					"style": "Normal",
					"align": "Center",
					"offsetX": 0,
					"offsetY": 0,
					"soundOn": false,
					"sound": "",
					"start": 0,
					"volume": 1,
					"pan": 0,
					"loop": false,
					"physicsOn": false,
					"type": "Dynamic",
					"fixedAngle": false,
					"velocityX": 0,
					"velocityY": 0,
					"angularVelocity": 0,
					"density": 1,
					"friction": 0.5,
					"restitution": 0.5,
					"dampingLinear": 0,
					"dampingAngular": 0,
					"scriptList": [
						{
							"name": "Script_1",
							"nodeList": [
								{
									"type": "Check",
									"parameters": {
										"property": "Me.flipX"
									},
									"nodeListTrue": [
										{
											"type": "Move",
											"parameters": {
												"speed": "150",
												"angle": 0
											}
										},
										{
											"type": "Timer",
											"parameters": {
												"seconds": "3"
											},
											"nodeListTrue": [
												{
													"type": "Edit",
													"parameters": {
														"property": "Me.flipX",
														"value": false
													}
												}
											],
											"nodeListFalse": []
										}
									],
									"nodeListFalse": [
										{
											"type": "Move",
											"parameters": {
												"speed": "-150",
												"angle": 0
											}
										},
										{
											"type": "Timer",
											"parameters": {
												"seconds": "3"
											},
											"nodeListTrue": [
												{
													"type": "Edit",
													"parameters": {
														"property": "Me.flipX",
														"value": true
													}
												}
											],
											"nodeListFalse": []
										}
									]
								}
							]
						}
					]
				}
			]
		},
		{
			"name": "Scene_2",
			"actorList": [
				{
					"name": "Actor_1",
					"sleeping": false,
					"x": -224.4348422496571,
					"y": -207,
					"width": 350,
					"height": 70,
					"scaleX": 1,
					"scaleY": 1,
					"angle": 0,
					"screen": false,
					"collider": "Box",
					"tags": "floor",
					"spriteOn": true,
					"image": "stoneMid.png",
					"color": "#ffffff",
					"opacity": 1,
					"flipX": false,
					"flipY": false,
					"scrollX": 0,
					"scrollY": 0,
					"tileX": 5,
					"tileY": 1,
					"textOn": false,
					"text": "",
					"font": "Arial",
					"size": 30,
					"fill": "#000000",
					"style": "Normal",
					"align": "Center",
					"offsetX": 0,
					"offsetY": 0,
					"soundOn": false,
					"sound": "",
					"start": 0,
					"volume": 1,
					"pan": 0,
					"loop": false,
					"physicsOn": true,
					"type": "Static",
					"fixedAngle": false,
					"velocityX": 0,
					"velocityY": 0,
					"angularVelocity": 0,
					"density": 1,
					"friction": 0.5,
					"restitution": 0,
					"dampingLinear": 0,
					"dampingAngular": 0,
					"scriptList": []
				},
				{
					"name": "Actor_1_copy",
					"sleeping": false,
					"x": 62.720317024843666,
					"y": -135.97805212620028,
					"width": 350,
					"height": 70,
					"scaleX": 1,
					"scaleY": 1,
					"angle": 0,
					"screen": false,
					"collider": "Box",
					"tags": "floor",
					"spriteOn": true,
					"image": "stoneMid.png",
					"color": "#ffffff",
					"opacity": 1,
					"flipX": false,
					"flipY": false,
					"scrollX": 0,
					"scrollY": 0,
					"tileX": 5,
					"tileY": 1,
					"textOn": false,
					"text": "",
					"font": "Arial",
					"size": 30,
					"fill": "#000000",
					"style": "Normal",
					"align": "Center",
					"offsetX": 0,
					"offsetY": 0,
					"soundOn": false,
					"sound": "",
					"start": 0,
					"volume": 1,
					"pan": 0,
					"loop": false,
					"physicsOn": true,
					"type": "Static",
					"fixedAngle": false,
					"velocityX": 0,
					"velocityY": 0,
					"angularVelocity": 0,
					"density": 1,
					"friction": 0.5,
					"restitution": 0,
					"dampingLinear": 0,
					"dampingAngular": 0,
					"scriptList": []
				},
				{
					"name": "Actor_2",
					"sleeping": false,
					"x": -167,
					"y": 5,
					"width": 66,
					"height": 92,
					"scaleX": 1,
					"scaleY": 1,
					"angle": 0,
					"screen": false,
					"collider": "Box",
					"tags": "",
					"spriteOn": true,
					"image": "p1_front.png",
					"color": "#ffffff",
					"opacity": 1,
					"flipX": false,
					"flipY": false,
					"scrollX": 0,
					"scrollY": 0,
					"tileX": 1,
					"tileY": 1,
					"textOn": false,
					"text": "",
					"font": "Arial",
					"size": 30,
					"fill": "#000000",
					"style": "Normal",
					"align": "Center",
					"offsetX": 0,
					"offsetY": 0,
					"soundOn": false,
					"sound": "",
					"start": 0,
					"volume": 1,
					"pan": 0,
					"loop": false,
					"physicsOn": true,
					"type": "Dynamic",
					"fixedAngle": true,
					"velocityX": 0,
					"velocityY": 0,
					"angularVelocity": 0,
					"density": 1,
					"friction": 0.5,
					"restitution": 0,
					"dampingLinear": 0,
					"dampingAngular": 0,
					"scriptList": [
						{
							"name": "move",
							"nodeList": [
								{
									"type": "Keyboard",
									"parameters": {
										"key": "ArrowRight",
										"key_Mode": "Pressed"
									},
									"nodeListTrue": [
										{
											"type": "Move",
											"parameters": {
												"speed": "200",
												"angle": 0
											}
										}
									],
									"nodeListFalse": []
								},
								{
									"type": "Keyboard",
									"parameters": {
										"key": "ArrowLeft",
										"key_Mode": "Pressed"
									},
									"nodeListTrue": [
										{
											"type": "Move",
											"parameters": {
												"speed": "-200",
												"angle": 0
											}
										}
									],
									"nodeListFalse": []
								},
								{
									"type": "Keyboard",
									"parameters": {
										"key": "ArrowUp",
										"key_Mode": "Down"
									},
									"nodeListTrue": [
										{
											"type": "Collision",
											"parameters": {
												"tags": "floor"
											},
											"nodeListTrue": [
												{
													"type": "Push",
													"parameters": {
														"force": "42",
														"angle": "90"
													}
												}
											],
											"nodeListFalse": []
										}
									],
									"nodeListFalse": []
								}
							]
						}
					]
				},
				{
					"name": "Actor_4",
					"sleeping": false,
					"x": -19.786210092518047,
					"y": 130.41630230093472,
					"width": 533.0526342529083,
					"height": 50,
					"scaleX": 10.661052685058166,
					"scaleY": 1,
					"angle": 0,
					"screen": false,
					"collider": "Box",
					"tags": "",
					"spriteOn": false,
					"image": "",
					"color": "#ffffff",
					"opacity": 1,
					"flipX": false,
					"flipY": false,
					"scrollX": 0,
					"scrollY": 0,
					"tileX": 1,
					"tileY": 1,
					"textOn": true,
					"text": "Si te mueves a la der. y chocas con la plataforma y luego te mueves a la izq. y no saltas",
					"font": "Arial",
					"size": 30,
					"fill": "#000000",
					"style": "Normal",
					"align": "Center",
					"offsetX": 0,
					"offsetY": 0,
					"soundOn": false,
					"sound": "",
					"start": 0,
					"volume": 1,
					"pan": 0,
					"loop": false,
					"physicsOn": false,
					"type": "Dynamic",
					"fixedAngle": false,
					"velocityX": 0,
					"velocityY": 0,
					"angularVelocity": 0,
					"density": 1,
					"friction": 0.5,
					"restitution": 0.5,
					"dampingLinear": 0,
					"dampingAngular": 0,
					"scriptList": []
				}
			]
		}
	]
}