{
	"tagList": [
		"plane",
		"border"
	],
	"sceneList": [
		{
			"name": "Scene 1",
			"actorList": [
				{
					"scriptList": [],
					"sleeping": false,
					"x": 0,
					"y": 0,
					"width": 800,
					"height": 480,
					"scaleX": 1,
					"scaleY": 1,
					"angle": 0,
					"screen": false,
					"collider": "Box",
					"tags": "",
					"spriteOn": true,
					"image": "background.png",
					"color": "#ffffff",
					"opacity": 1,
					"flipX": false,
					"flipY": false,
					"scrollX": -100,
					"scrollY": 0,
					"tileX": 1,
					"tileY": 1,
					"textOn": false,
					"text": "${Game.physicsOn}",
					"font": "Arial",
					"size": 30,
					"fill": "#000000",
					"style": "Normal",
					"align": "Center",
					"offsetX": 0,
					"offsetY": 0,
					"soundOn": true,
					"sound": "",
					"start": 0,
					"volume": 1,
					"pan": 0,
					"loop": false,
					"physicsOn": false,
					"type": "Dynamic",
					"fixedAngle": false,
					"velocityX": 0,
					"velocityY": 0,
					"angularVelocity": 0,
					"density": 1,
					"friction": 0.5,
					"restitution": 0.5,
					"dampingLinear": 0,
					"dampingAngular": 0,
					"name": "background"
				},
				{
					"scriptList": [
						{
							"nodeList": [
								{
									"type": "Move",
									"parameters": {
										"speed": "200",
										"angle": "180"
									}
								},
								{
									"type": "Collision",
									"parameters": {
										"tags": "plane"
									},
									"nodeListTrue": [
										{
											"type": "Edit",
											"parameters": {
												"property": "score.estrellas",
												"value": "score.estrellas+1"
											}
										},
										{
											"type": "Delete",
											"parameters": {}
										}
									],
									"nodeListFalse": []
								},
								{
									"type": "Collision",
									"parameters": {
										"tags": "border"
									},
									"nodeListTrue": [
										{
											"type": "Delete",
											"parameters": {}
										}
									],
									"nodeListFalse": []
								}
							],
							"name": "Script_1"
						}
					],
					"sleeping": true,
					"x": 445.5587732222392,
					"y": 210.92482514521828,
					"width": 39,
					"height": 38,
					"scaleX": 1,
					"scaleY": 1,
					"angle": 0,
					"screen": false,
					"collider": "Box",
					"tags": "",
					"spriteOn": true,
					"image": "starGold.png",
					"color": "#ffffff",
					"opacity": 1,
					"flipX": false,
					"flipY": false,
					"scrollX": 0,
					"scrollY": 0,
					"tileX": 1,
					"tileY": 1,
					"textOn": false,
					"text": "",
					"font": "Arial",
					"size": 30,
					"fill": "#000000",
					"style": "Normal",
					"align": "Center",
					"offsetX": 0,
					"offsetY": 0,
					"soundOn": false,
					"sound": "",
					"start": 0,
					"volume": 1,
					"pan": 0,
					"loop": false,
					"physicsOn": false,
					"type": "Dynamic",
					"fixedAngle": false,
					"velocityX": 0,
					"velocityY": 0,
					"angularVelocity": 0,
					"density": 1,
					"friction": 0.5,
					"restitution": 0.5,
					"dampingLinear": 0,
					"dampingAngular": 0,
					"name": "star"
				},
				{
					"scriptList": [
						{
							"nodeList": [
								{
									"type": "Move_To",
									"parameters": {
										"speed": "200",
										"x": "Game.mouseX",
										"y": "Game.mouseY"
									}
								}
							],
							"name": "movement"
						},
						{
							"nodeList": [
								{
									"type": "Animate",
									"parameters": {
										"animation": "planeGreen1.png,planeGreen2.png,planeGreen3.png",
										"fps": 24
									}
								}
							],
							"name": "animation"
						}
					],
					"sleeping": false,
					"x": 0,
					"y": 0,
					"width": 88,
					"height": 73,
					"scaleX": 1,
					"scaleY": 1,
					"angle": 0,
					"screen": false,
					"collider": "Box",
					"tags": "plane",
					"spriteOn": true,
					"image": "planeGreen1.png",
					"color": "#ffffff",
					"opacity": 1,
					"flipX": false,
					"flipY": false,
					"scrollX": 0,
					"scrollY": 0,
					"tileX": 1,
					"tileY": 1,
					"textOn": false,
					"text": "",
					"font": "Arial",
					"size": 30,
					"fill": "#000000",
					"style": "Normal",
					"align": "Center",
					"offsetX": 0,
					"offsetY": 0,
					"soundOn": false,
					"sound": "",
					"start": 0,
					"volume": 1,
					"pan": 0,
					"loop": false,
					"physicsOn": false,
					"type": "Kinematic",
					"fixedAngle": false,
					"velocityX": 0,
					"velocityY": 0,
					"angularVelocity": 0,
					"density": 1,
					"friction": 0.5,
					"restitution": 0.5,
					"dampingLinear": 0,
					"dampingAngular": 0,
					"name": "plane"
				},
				{
					"scriptList": [
						{
							"nodeList": [
								{
									"type": "Collision",
									"parameters": {
										"tags": "plane"
									},
									"nodeListTrue": [
										{
											"type": "Edit",
											"parameters": {
												"property": "Game.physicsOn",
												"value": false
											}
										}
									],
									"nodeListFalse": []
								}
							],
							"name": "Script_1"
						}
					],
					"sleeping": false,
					"x": 0,
					"y": -204,
					"width": 808,
					"height": 71,
					"scaleX": 1,
					"scaleY": 1,
					"angle": 0,
					"screen": false,
					"collider": "Box",
					"tags": "",
					"spriteOn": true,
					"image": "groundIce.png",
					"color": "#ffffff",
					"opacity": 1,
					"flipX": false,
					"flipY": false,
					"scrollX": -300,
					"scrollY": 0,
					"tileX": 1,
					"tileY": 1,
					"textOn": false,
					"text": "",
					"font": "Arial",
					"size": 30,
					"fill": "#000000",
					"style": "Normal",
					"align": "Center",
					"offsetX": 0,
					"offsetY": 0,
					"soundOn": false,
					"sound": "",
					"start": 0,
					"volume": 1,
					"pan": 0,
					"loop": false,
					"physicsOn": true,
					"type": "Static",
					"fixedAngle": false,
					"velocityX": 0,
					"velocityY": 0,
					"angularVelocity": 0,
					"density": 1,
					"friction": 0.5,
					"restitution": 0.5,
					"dampingLinear": 0,
					"dampingAngular": 0,
					"name": "foreground"
				},
				{
					"scriptList": [
						{
							"nodeList": [
								{
									"type": "Timer",
									"parameters": {
										"seconds": 1
									},
									"nodeListTrue": [
										{
											"type": "Spawn",
											"parameters": {
												"actor": "star",
												"x": "0",
												"y": "random(-200,200)",
												"angle": "0"
											}
										}
									],
									"nodeListFalse": []
								}
							],
							"name": "Script_1"
						}
					],
					"sleeping": false,
					"x": 459.24737082761766,
					"y": 13.007807075479718,
					"width": 50,
					"height": 50,
					"scaleX": 1,
					"scaleY": 1,
					"angle": 0,
					"screen": false,
					"collider": "Box",
					"tags": "",
					"spriteOn": false,
					"image": "",
					"color": "#ffffff",
					"opacity": 1,
					"flipX": false,
					"flipY": false,
					"scrollX": 0,
					"scrollY": 0,
					"tileX": 1,
					"tileY": 1,
					"textOn": false,
					"text": "",
					"font": "Arial",
					"size": 30,
					"fill": "#000000",
					"style": "Normal",
					"align": "Center",
					"offsetX": 0,
					"offsetY": 0,
					"soundOn": false,
					"sound": "",
					"start": 0,
					"volume": 1,
					"pan": 0,
					"loop": false,
					"physicsOn": false,
					"type": "Dynamic",
					"fixedAngle": false,
					"velocityX": 0,
					"velocityY": 0,
					"angularVelocity": 0,
					"density": 1,
					"friction": 0.5,
					"restitution": 0.5,
					"dampingLinear": 0,
					"dampingAngular": 0,
					"name": "generator"
				},
				{
					"scriptList": [],
					"sleeping": false,
					"x": -414.35149371772127,
					"y": 2.1209122931801403,
					"width": 50,
					"height": 480,
					"scaleX": 1,
					"scaleY": 9.6,
					"angle": 0,
					"screen": false,
					"collider": "Box",
					"tags": "border",
					"spriteOn": false,
					"image": "",
					"color": "#ffffff",
					"opacity": 1,
					"flipX": false,
					"flipY": false,
					"scrollX": 0,
					"scrollY": 0,
					"tileX": 1,
					"tileY": 1,
					"textOn": false,
					"text": "",
					"font": "Arial",
					"size": 30,
					"fill": "#000000",
					"style": "Normal",
					"align": "Center",
					"offsetX": 0,
					"offsetY": 0,
					"soundOn": false,
					"sound": "",
					"start": 0,
					"volume": 1,
					"pan": 0,
					"loop": false,
					"physicsOn": false,
					"type": "Dynamic",
					"fixedAngle": false,
					"velocityX": 0,
					"velocityY": 0,
					"angularVelocity": 0,
					"density": 1,
					"friction": 0.5,
					"restitution": 0.5,
					"dampingLinear": 0,
					"dampingAngular": 0,
					"name": "wall"
				},
				{
					"scriptList": [],
					"sleeping": false,
					"x": -232.10147126416757,
					"y": 214.25710465319628,
					"width": 311.5,
					"height": 50,
					"scaleX": 6.2299999999999995,
					"scaleY": 1,
					"angle": 0,
					"screen": false,
					"collider": "Box",
					"tags": "",
					"spriteOn": true,
					"image": "",
					"color": "#ffffff",
					"opacity": 0.111,
					"flipX": false,
					"flipY": false,
					"scrollX": 0,
					"scrollY": 0,
					"tileX": 1,
					"tileY": 1,
					"textOn": true,
					"text": "Stars: ${Me.estrellas}",
					"font": "Tahoma",
					"size": 30,
					"fill": "#137dc4",
					"style": "Bold",
					"align": "Left",
					"offsetX": 0,
					"offsetY": 0,
					"soundOn": false,
					"sound": "",
					"start": 0,
					"volume": 1,
					"pan": 0,
					"loop": false,
					"physicsOn": false,
					"type": "Dynamic",
					"fixedAngle": false,
					"velocityX": 0,
					"velocityY": 0,
					"angularVelocity": 0,
					"density": 1,
					"friction": 0.5,
					"restitution": 0.5,
					"dampingLinear": 0,
					"dampingAngular": 0,
					"name": "score",
					"estrellas": 0
				}
			]
		}
	],
	"name": "Flying Plane",
	"displayWidth": 800,
	"displayHeight": 480,
	"cameraX": 0,
	"cameraY": 0,
	"cameraAngle": 0,
	"cameraZoom": 1,
	"backgroundColor": "#ffffff",
	"soundOn": false,
	"soundtrack": "",
	"volume": 1,
	"start": 0,
	"pan": 0,
	"loop": false,
	"physicsOn": true,
	"gravityX": 0,
	"gravityY": -9.8,
	"debug": false
}