{
	"tagList": [
		"laser",
		"asteroid",
		"player",
		"background"
	],
	"sceneList": [
		{
			"name": "Scene_1_copy",
			"actorList": [
				{
					"scriptList": [],
					"key": 0,
					"sleeping": false,
					"x": -186.61385459533608,
					"y": 53.82719983306475,
					"width": 428.77229080932784,
					"height": 374.3456003338705,
					"scaleX": 0.4187229402434842,
					"scaleY": 0.7311437506520908,
					"angle": 0,
					"screen": false,
					"collider": "Box",
					"tags": "background",
					"spriteOn": true,
					"image": "purple.png",
					"color": "#ffffff",
					"opacity": 1,
					"flipX": false,
					"flipY": false,
					"scrollX": 10,
					"scrollY": 0,
					"tileX": 4,
					"tileY": 2,
					"textOn": false,
					"text": "",
					"font": "Arial",
					"size": 30,
					"fill": "#000000",
					"style": "Normal",
					"align": "Center",
					"offsetX": 0,
					"offsetY": 0,
					"soundOn": false,
					"sound": "",
					"start": 0,
					"volume": 1,
					"pan": 0,
					"loop": false,
					"physicsOn": false,
					"type": "Kinematic",
					"fixedAngle": false,
					"velocityX": 0,
					"velocityY": 0,
					"angularVelocity": 0,
					"density": 1,
					"friction": 0.5,
					"restitution": 0.5,
					"dampingLinear": 0,
					"dampingAngular": 0,
					"name": "background"
				},
				{
					"scriptList": [
						{
							"nodeList": [
								{
									"type": "Move",
									"parameters": {
										"speed": "600",
										"angle": "Me.angle"
									}
								}
							],
							"name": "Movement"
						},
						{
							"nodeList": [
								{
									"type": "Collision",
									"parameters": {
										"tags": "background"
									},
									"nodeListTrue": [],
									"nodeListFalse": [
										{
											"type": "Delete",
											"parameters": {}
										}
									]
								}
							],
							"name": "Destroy"
						}
					],
					"key": 0,
					"sleeping": false,
					"x": -152.52019333748075,
					"y": -42.32224021459507,
					"width": 54,
					"height": 9,
					"scaleX": 1,
					"scaleY": 1,
					"angle": 0,
					"screen": false,
					"collider": "Box",
					"tags": "laser",
					"spriteOn": true,
					"image": "laserBlue01.png",
					"color": "#ffffff",
					"opacity": 1,
					"flipX": true,
					"flipY": false,
					"scrollX": 0,
					"scrollY": 0,
					"tileX": 1,
					"tileY": 1,
					"textOn": false,
					"text": "",
					"font": "Arial",
					"size": 30,
					"fill": "#ffffff",
					"style": "Normal",
					"align": "Center",
					"offsetX": 0,
					"offsetY": 34,
					"soundOn": false,
					"sound": "",
					"start": 0,
					"volume": 1,
					"pan": 0,
					"loop": false,
					"physicsOn": false,
					"type": "Dynamic",
					"fixedAngle": false,
					"velocityX": 0,
					"velocityY": 0,
					"angularVelocity": 0,
					"density": 1,
					"friction": 0.5,
					"restitution": 0.5,
					"dampingLinear": 0,
					"dampingAngular": 0,
					"name": "laser",
					"init": true
				},
				{
					"scriptList": [
						{
							"nodeList": [
								{
									"type": "Keyboard",
									"parameters": {
										"key": "Space",
										"key_Mode": "Down"
									},
									"nodeListTrue": [
										{
											"type": "Spawn",
											"parameters": {
												"actor": "laser",
												"x": "25",
												"y": 0,
												"angle": "0"
											}
										}
									],
									"nodeListFalse": []
								}
							],
							"name": "Shoot"
						}
					],
					"key": 0,
					"sleeping": false,
					"x": -213.30589849108367,
					"y": 47.32510288065839,
					"width": 45,
					"height": 59,
					"scaleX": 0.6,
					"scaleY": 0.5959595959595959,
					"angle": 0,
					"screen": false,
					"collider": "Box",
					"tags": "",
					"spriteOn": true,
					"image": "playerShip1_blue.png",
					"color": "#ffffff",
					"opacity": 1,
					"flipX": false,
					"flipY": false,
					"scrollX": 0,
					"scrollY": 0,
					"tileX": 1,
					"tileY": 1,
					"textOn": false,
					"text": "${Me.angle}",
					"font": "Arial",
					"size": 30,
					"fill": "#f8ecec",
					"style": "Normal",
					"align": "Center",
					"offsetX": 0,
					"offsetY": 53,
					"soundOn": false,
					"sound": "",
					"start": 0,
					"volume": 1,
					"pan": 0,
					"loop": false,
					"physicsOn": true,
					"type": "Dynamic",
					"fixedAngle": false,
					"velocityX": 0,
					"velocityY": 0,
					"angularVelocity": 0,
					"density": 0.6,
					"friction": 0.5,
					"restitution": 0.5,
					"dampingLinear": 0,
					"dampingAngular": 1,
					"name": "ship"
				}
			]
		},
		{
			"name": "Scene_1",
			"actorList": [
				{
					"scriptList": [
						{
							"nodeList": [
								{
									"type": "Edit",
									"parameters": {
										"property": "Me.scrollX",
										"value": "ship.velocityX/5"
									}
								},
								{
									"type": "Edit",
									"parameters": {
										"property": "Me.scrollY",
										"value": "ship.velocityY/5"
									}
								}
							],
							"name": "Script_1"
						}
					],
					"key": 0,
					"sleeping": false,
					"x": 0,
					"y": 0,
					"width": 802,
					"height": 482,
					"scaleX": 0.783203125,
					"scaleY": 0.94140625,
					"angle": 0,
					"screen": false,
					"collider": "Box",
					"tags": "background",
					"spriteOn": true,
					"image": "purple.png",
					"color": "#ffffff",
					"opacity": 1,
					"flipX": false,
					"flipY": false,
					"scrollX": 10,
					"scrollY": 0,
					"tileX": 4,
					"tileY": 2,
					"textOn": false,
					"text": "",
					"font": "Arial",
					"size": 30,
					"fill": "#000000",
					"style": "Normal",
					"align": "Center",
					"offsetX": 0,
					"offsetY": 0,
					"soundOn": false,
					"sound": "",
					"start": 0,
					"volume": 1,
					"pan": 0,
					"loop": false,
					"physicsOn": false,
					"type": "Kinematic",
					"fixedAngle": false,
					"velocityX": 0,
					"velocityY": 0,
					"angularVelocity": 0,
					"density": 1,
					"friction": 0.5,
					"restitution": 0.5,
					"dampingLinear": 0,
					"dampingAngular": 0,
					"name": "background"
				},
				{
					"scriptList": [
						{
							"nodeList": [
								{
									"type": "Move",
									"parameters": {
										"speed": "600",
										"angle": "Me.angle"
									}
								},
								{
									"type": "Check",
									"parameters": {
										"property": "Me.init"
									},
									"nodeListTrue": [
										{
											"type": "Edit",
											"parameters": {
												"property": "Me.angle",
												"value": "ship.angle"
											}
										},
										{
											"type": "Edit",
											"parameters": {
												"property": "Me.init",
												"value": false
											}
										}
									],
									"nodeListFalse": []
								}
							],
							"name": "Movement"
						},
						{
							"nodeList": [
								{
									"type": "Collision",
									"parameters": {
										"tags": "background"
									},
									"nodeListTrue": [
										{
											"type": "Collision",
											"parameters": {
												"tags": "asteroid"
											},
											"nodeListTrue": [
												{
													"type": "Edit",
													"parameters": {
														"property": "score.p",
														"value": "score.p+1"
													}
												},
												{
													"type": "Delete",
													"parameters": {}
												}
											],
											"nodeListFalse": []
										}
									],
									"nodeListFalse": [
										{
											"type": "Delete",
											"parameters": {}
										}
									]
								}
							],
							"name": "Destroy"
						}
					],
					"key": 0,
					"sleeping": true,
					"x": -355.538025984943,
					"y": -274.8325282804387,
					"width": 54,
					"height": 9,
					"scaleX": 1,
					"scaleY": 1,
					"angle": 0,
					"screen": false,
					"collider": "Box",
					"tags": "laser",
					"spriteOn": true,
					"image": "laserBlue01.png",
					"color": "#ffffff",
					"opacity": 1,
					"flipX": true,
					"flipY": false,
					"scrollX": 0,
					"scrollY": 0,
					"tileX": 1,
					"tileY": 1,
					"textOn": false,
					"text": "",
					"font": "Arial",
					"size": 30,
					"fill": "#ffffff",
					"style": "Normal",
					"align": "Center",
					"offsetX": 0,
					"offsetY": 34,
					"soundOn": false,
					"sound": "",
					"start": 0,
					"volume": 1,
					"pan": 0,
					"loop": false,
					"physicsOn": false,
					"type": "Dynamic",
					"fixedAngle": false,
					"velocityX": 0,
					"velocityY": 0,
					"angularVelocity": 0,
					"density": 1,
					"friction": 0.5,
					"restitution": 0.5,
					"dampingLinear": 0,
					"dampingAngular": 0,
					"name": "laser",
					"init": true
				},
				{
					"scriptList": [
						{
							"nodeList": [
								{
									"type": "Keyboard",
									"parameters": {
										"key": "ArrowLeft",
										"key_Mode": "Pressed"
									},
									"nodeListTrue": [
										{
											"type": "Rotate",
											"parameters": {
												"speed": "200",
												"pivot_X": "Me.x",
												"pivot_Y": "Me.y"
											}
										}
									],
									"nodeListFalse": []
								},
								{
									"type": "Keyboard",
									"parameters": {
										"key": "ArrowRight",
										"key_Mode": "Pressed"
									},
									"nodeListTrue": [
										{
											"type": "Rotate",
											"parameters": {
												"speed": "-200",
												"pivot_X": "Me.x",
												"pivot_Y": "Me.y"
											}
										}
									],
									"nodeListFalse": []
								},
								{
									"type": "Keyboard",
									"parameters": {
										"key": "ArrowUp",
										"key_Mode": "Pressed"
									},
									"nodeListTrue": [
										{
											"type": "Push",
											"parameters": {
												"force": "0.1",
												"angle": "Me.angle"
											}
										}
									],
									"nodeListFalse": []
								}
							],
							"name": "Ship_movement"
						},
						{
							"nodeList": [
								{
									"type": "Compare",
									"parameters": {
										"value_1": "Me.x",
										"operation": "Greater",
										"value_2": "400"
									},
									"nodeListTrue": [
										{
											"type": "Edit",
											"parameters": {
												"property": "Me.x",
												"value": "-400"
											}
										}
									],
									"nodeListFalse": [
										{
											"type": "Compare",
											"parameters": {
												"value_1": "Me.x",
												"operation": "Less",
												"value_2": "-400"
											},
											"nodeListTrue": [
												{
													"type": "Edit",
													"parameters": {
														"property": "Me.x",
														"value": "400"
													}
												}
											],
											"nodeListFalse": []
										}
									]
								},
								{
									"type": "Compare",
									"parameters": {
										"value_1": "Me.y",
										"operation": "Greater",
										"value_2": "240"
									},
									"nodeListTrue": [
										{
											"type": "Edit",
											"parameters": {
												"property": "Me.y",
												"value": "-240"
											}
										}
									],
									"nodeListFalse": [
										{
											"type": "Compare",
											"parameters": {
												"value_1": "Me.y",
												"operation": "Less",
												"value_2": "-240"
											},
											"nodeListTrue": [
												{
													"type": "Edit",
													"parameters": {
														"property": "Me.y",
														"value": "240"
													}
												}
											],
											"nodeListFalse": []
										}
									]
								}
							],
							"name": "Correct_Position"
						},
						{
							"nodeList": [
								{
									"type": "Keyboard",
									"parameters": {
										"key": "Space",
										"key_Mode": "Down"
									},
									"nodeListTrue": [
										{
											"type": "Spawn",
											"parameters": {
												"actor": "laser",
												"x": "25",
												"y": 0,
												"angle": "0"
											}
										}
									],
									"nodeListFalse": []
								}
							],
							"name": "Shoot"
						},
						{
							"nodeList": [
								{
									"type": "Collision",
									"parameters": {
										"tags": "asteroid"
									},
									"nodeListTrue": [
										{
											"type": "Edit",
											"parameters": {
												"property": "Game.score",
												"value": "score.p"
											}
										},
										{
											"type": "Edit",
											"parameters": {
												"property": "Game.currentScene",
												"value": "Scene_2"
											}
										}
									],
									"nodeListFalse": []
								}
							],
							"name": "Dead"
						}
					],
					"key": 0,
					"sleeping": false,
					"x": 1.3717421124828206,
					"y": 0.6858710562413535,
					"width": 45,
					"height": 59,
					"scaleX": 0.6,
					"scaleY": 0.5959595959595959,
					"angle": 0,
					"screen": false,
					"collider": "Box",
					"tags": "",
					"spriteOn": true,
					"image": "playerShip1_blue.png",
					"color": "#ffffff",
					"opacity": 1,
					"flipX": false,
					"flipY": false,
					"scrollX": 0,
					"scrollY": 0,
					"tileX": 1,
					"tileY": 1,
					"textOn": false,
					"text": "${Me.angle}",
					"font": "Arial",
					"size": 30,
					"fill": "#f8ecec",
					"style": "Normal",
					"align": "Center",
					"offsetX": 0,
					"offsetY": 53,
					"soundOn": false,
					"sound": "",
					"start": 0,
					"volume": 1,
					"pan": 0,
					"loop": false,
					"physicsOn": true,
					"type": "Dynamic",
					"fixedAngle": false,
					"velocityX": 0,
					"velocityY": 0,
					"angularVelocity": 0,
					"density": 0.6,
					"friction": 0.5,
					"restitution": 0.5,
					"dampingLinear": 0,
					"dampingAngular": 1,
					"name": "ship"
				},
				{
					"scriptList": [
						{
							"nodeList": [
								{
									"type": "Collision",
									"parameters": {
										"tags": "laser"
									},
									"nodeListTrue": [
										{
											"type": "Spawn",
											"parameters": {
												"actor": "asteroid_medium",
												"x": 0,
												"y": 0,
												"angle": 0
											}
										},
										{
											"type": "Spawn",
											"parameters": {
												"actor": "asteroid_medium",
												"x": 0,
												"y": 0,
												"angle": 0
											}
										},
										{
											"type": "Delete",
											"parameters": {}
										}
									],
									"nodeListFalse": []
								}
							],
							"name": "Destroy"
						},
						{
							"nodeList": [
								{
									"type": "Check",
									"parameters": {
										"property": "Me.onstart"
									},
									"nodeListTrue": [
										{
											"type": "Edit",
											"parameters": {
												"property": "Me.onstart",
												"value": false
											}
										},
										{
											"type": "Push",
											"parameters": {
												"force": "2",
												"angle": "random(1,360)"
											}
										}
									],
									"nodeListFalse": []
								}
							],
							"name": "Impulse"
						},
						{
							"nodeList": [
								{
									"type": "Compare",
									"parameters": {
										"value_1": "Me.x",
										"operation": "Greater",
										"value_2": "500"
									},
									"nodeListTrue": [
										{
											"type": "Edit",
											"parameters": {
												"property": "Me.x",
												"value": "-500"
											}
										}
									],
									"nodeListFalse": [
										{
											"type": "Compare",
											"parameters": {
												"value_1": "Me.x",
												"operation": "Less",
												"value_2": "-500"
											},
											"nodeListTrue": [
												{
													"type": "Edit",
													"parameters": {
														"property": "Me.x",
														"value": "500"
													}
												}
											],
											"nodeListFalse": []
										}
									]
								},
								{
									"type": "Compare",
									"parameters": {
										"value_1": "Me.y",
										"operation": "Greater",
										"value_2": "300"
									},
									"nodeListTrue": [
										{
											"type": "Edit",
											"parameters": {
												"property": "Me.y",
												"value": "-300"
											}
										}
									],
									"nodeListFalse": [
										{
											"type": "Compare",
											"parameters": {
												"value_1": "Me.y",
												"operation": "Less",
												"value_2": "-300"
											},
											"nodeListTrue": [
												{
													"type": "Edit",
													"parameters": {
														"property": "Me.y",
														"value": "300"
													}
												}
											],
											"nodeListFalse": []
										}
									]
								}
							],
							"name": "Correct_Position"
						}
					],
					"key": 0,
					"sleeping": true,
					"x": -260.2283950617284,
					"y": -288.1851851851852,
					"width": 101,
					"height": 84,
					"scaleX": 1,
					"scaleY": 1,
					"angle": 0,
					"screen": false,
					"collider": "Box",
					"tags": "asteroid",
					"spriteOn": true,
					"image": "meteorBrown_big1.png",
					"color": "#ffffff",
					"opacity": 1,
					"flipX": false,
					"flipY": false,
					"scrollX": 0,
					"scrollY": 0,
					"tileX": 1,
					"tileY": 1,
					"textOn": false,
					"text": "${Me.velocityX}",
					"font": "Arial",
					"size": 30,
					"fill": "#000000",
					"style": "Normal",
					"align": "Center",
					"offsetX": 0,
					"offsetY": 0,
					"soundOn": false,
					"sound": "",
					"start": 0,
					"volume": 1,
					"pan": 0,
					"loop": false,
					"physicsOn": true,
					"type": "Dynamic",
					"fixedAngle": false,
					"velocityX": 0,
					"velocityY": 0,
					"angularVelocity": 0,
					"density": 0.6,
					"friction": 0.5,
					"restitution": 0.5,
					"dampingLinear": 0,
					"dampingAngular": 0,
					"name": "asteroid",
					"onstart": true
				},
				{
					"scriptList": [
						{
							"nodeList": [
								{
									"type": "Collision",
									"parameters": {
										"tags": "laser"
									},
									"nodeListTrue": [
										{
											"type": "Spawn",
											"parameters": {
												"actor": "asteroid_small",
												"x": 0,
												"y": 0,
												"angle": 0
											}
										},
										{
											"type": "Spawn",
											"parameters": {
												"actor": "asteroid_small",
												"x": 0,
												"y": 0,
												"angle": 0
											}
										},
										{
											"type": "Delete",
											"parameters": {}
										}
									],
									"nodeListFalse": []
								}
							],
							"name": "Destroy"
						},
						{
							"nodeList": [
								{
									"type": "Check",
									"parameters": {
										"property": "Me.onstart"
									},
									"nodeListTrue": [
										{
											"type": "Edit",
											"parameters": {
												"property": "Me.onstart",
												"value": false
											}
										},
										{
											"type": "Push",
											"parameters": {
												"force": "2",
												"angle": "random(1,360)"
											}
										}
									],
									"nodeListFalse": []
								}
							],
							"name": "Impulse"
						},
						{
							"nodeList": [
								{
									"type": "Compare",
									"parameters": {
										"value_1": "Me.x",
										"operation": "Greater",
										"value_2": "400"
									},
									"nodeListTrue": [
										{
											"type": "Edit",
											"parameters": {
												"property": "Me.x",
												"value": "-400"
											}
										}
									],
									"nodeListFalse": [
										{
											"type": "Compare",
											"parameters": {
												"value_1": "Me.x",
												"operation": "Less",
												"value_2": "-400"
											},
											"nodeListTrue": [
												{
													"type": "Edit",
													"parameters": {
														"property": "Me.x",
														"value": "400"
													}
												}
											],
											"nodeListFalse": []
										}
									]
								},
								{
									"type": "Compare",
									"parameters": {
										"value_1": "Me.y",
										"operation": "Greater",
										"value_2": "240"
									},
									"nodeListTrue": [
										{
											"type": "Edit",
											"parameters": {
												"property": "Me.y",
												"value": "-240"
											}
										}
									],
									"nodeListFalse": [
										{
											"type": "Compare",
											"parameters": {
												"value_1": "Me.y",
												"operation": "Less",
												"value_2": "-240"
											},
											"nodeListTrue": [
												{
													"type": "Edit",
													"parameters": {
														"property": "Me.y",
														"value": "240"
													}
												}
											],
											"nodeListFalse": []
										}
									]
								}
							],
							"name": "Correct_Position"
						}
					],
					"key": 0,
					"sleeping": true,
					"x": -182.80864197530866,
					"y": -271,
					"width": 43,
					"height": 43,
					"scaleX": 1,
					"scaleY": 1,
					"angle": 0,
					"screen": false,
					"collider": "Box",
					"tags": "asteroid",
					"spriteOn": true,
					"image": "meteorBrown_med1.png",
					"color": "#ffffff",
					"opacity": 1,
					"flipX": false,
					"flipY": false,
					"scrollX": 0,
					"scrollY": 0,
					"tileX": 1,
					"tileY": 1,
					"textOn": false,
					"text": "${Me.velocityX}",
					"font": "Arial",
					"size": 30,
					"fill": "#000000",
					"style": "Normal",
					"align": "Center",
					"offsetX": 0,
					"offsetY": 0,
					"soundOn": false,
					"sound": "",
					"start": 0,
					"volume": 1,
					"pan": 0,
					"loop": false,
					"physicsOn": true,
					"type": "Dynamic",
					"fixedAngle": false,
					"velocityX": 0,
					"velocityY": 0,
					"angularVelocity": 0,
					"density": 1.2,
					"friction": 0.5,
					"restitution": 0.5,
					"dampingLinear": 0,
					"dampingAngular": 0,
					"name": "asteroid_medium",
					"onstart": true
				},
				{
					"scriptList": [
						{
							"nodeList": [
								{
									"type": "Collision",
									"parameters": {
										"tags": "laser"
									},
									"nodeListTrue": [
										{
											"type": "Delete",
											"parameters": {}
										}
									],
									"nodeListFalse": []
								}
							],
							"name": "Destroy"
						},
						{
							"nodeList": [
								{
									"type": "Check",
									"parameters": {
										"property": "Me.onstart"
									},
									"nodeListTrue": [
										{
											"type": "Edit",
											"parameters": {
												"property": "Me.onstart",
												"value": false
											}
										},
										{
											"type": "Push",
											"parameters": {
												"force": "2",
												"angle": "random(1,360)"
											}
										}
									],
									"nodeListFalse": []
								}
							],
							"name": "Impulse"
						},
						{
							"nodeList": [
								{
									"type": "Compare",
									"parameters": {
										"value_1": "Me.x",
										"operation": "Greater",
										"value_2": "400"
									},
									"nodeListTrue": [
										{
											"type": "Edit",
											"parameters": {
												"property": "Me.x",
												"value": "-400"
											}
										}
									],
									"nodeListFalse": [
										{
											"type": "Compare",
											"parameters": {
												"value_1": "Me.x",
												"operation": "Less",
												"value_2": "-400"
											},
											"nodeListTrue": [
												{
													"type": "Edit",
													"parameters": {
														"property": "Me.x",
														"value": "400"
													}
												}
											],
											"nodeListFalse": []
										}
									]
								},
								{
									"type": "Compare",
									"parameters": {
										"value_1": "Me.y",
										"operation": "Greater",
										"value_2": "240"
									},
									"nodeListTrue": [
										{
											"type": "Edit",
											"parameters": {
												"property": "Me.y",
												"value": "-240"
											}
										}
									],
									"nodeListFalse": [
										{
											"type": "Compare",
											"parameters": {
												"value_1": "Me.y",
												"operation": "Less",
												"value_2": "-240"
											},
											"nodeListTrue": [
												{
													"type": "Edit",
													"parameters": {
														"property": "Me.y",
														"value": "240"
													}
												}
											],
											"nodeListFalse": []
										}
									]
								}
							],
							"name": "Correct_Position"
						}
					],
					"key": 0,
					"sleeping": true,
					"x": -128.9320987654321,
					"y": -261.7654320987655,
					"width": 28,
					"height": 28,
					"scaleX": 1,
					"scaleY": 1,
					"angle": 0,
					"screen": false,
					"collider": "Box",
					"tags": "asteroid",
					"spriteOn": true,
					"image": "meteorBrown_small1.png",
					"color": "#ffffff",
					"opacity": 1,
					"flipX": false,
					"flipY": false,
					"scrollX": 0,
					"scrollY": 0,
					"tileX": 1,
					"tileY": 1,
					"textOn": false,
					"text": "${Me.velocityX}",
					"font": "Arial",
					"size": 30,
					"fill": "#000000",
					"style": "Normal",
					"align": "Center",
					"offsetX": 0,
					"offsetY": 0,
					"soundOn": false,
					"sound": "",
					"start": 0,
					"volume": 1,
					"pan": 0,
					"loop": false,
					"physicsOn": true,
					"type": "Dynamic",
					"fixedAngle": false,
					"velocityX": 0,
					"velocityY": 0,
					"angularVelocity": 0,
					"density": 2.4,
					"friction": 0.5,
					"restitution": 0.5,
					"dampingLinear": 0,
					"dampingAngular": 0,
					"name": "asteroid_small",
					"onstart": true
				},
				{
					"scriptList": [
						{
							"nodeList": [
								{
									"type": "Timer",
									"parameters": {
										"seconds": "5"
									},
									"nodeListTrue": [
										{
											"type": "Spawn",
											"parameters": {
												"actor": "asteroid",
												"x": 0,
												"y": 0,
												"angle": 0
											}
										}
									],
									"nodeListFalse": []
								}
							],
							"name": "Script_1"
						}
					],
					"key": 0,
					"sleeping": false,
					"x": 0,
					"y": 295.6341258954426,
					"width": 50,
					"height": 50,
					"scaleX": 1,
					"scaleY": 1,
					"angle": 0,
					"screen": false,
					"collider": "Box",
					"tags": "",
					"spriteOn": false,
					"image": "",
					"color": "#ffffff",
					"opacity": 1,
					"flipX": false,
					"flipY": false,
					"scrollX": 0,
					"scrollY": 0,
					"tileX": 1,
					"tileY": 1,
					"textOn": false,
					"text": "",
					"font": "Arial",
					"size": 30,
					"fill": "#000000",
					"style": "Normal",
					"align": "Center",
					"offsetX": 0,
					"offsetY": 0,
					"soundOn": false,
					"sound": "",
					"start": 0,
					"volume": 1,
					"pan": 0,
					"loop": false,
					"physicsOn": false,
					"type": "Dynamic",
					"fixedAngle": false,
					"velocityX": 0,
					"velocityY": 0,
					"angularVelocity": 0,
					"density": 1,
					"friction": 0.5,
					"restitution": 0.5,
					"dampingLinear": 0,
					"dampingAngular": 0,
					"name": "generator"
				},
				{
					"scriptList": [],
					"key": 0,
					"sleeping": false,
					"x": -280.9598765432099,
					"y": 212.0246913580247,
					"width": 200.5,
					"height": 50,
					"scaleX": 4.01,
					"scaleY": 1,
					"angle": 0,
					"screen": false,
					"collider": "Box",
					"tags": "",
					"spriteOn": false,
					"image": "",
					"color": "#e73636",
					"opacity": 1,
					"flipX": false,
					"flipY": false,
					"scrollX": 0,
					"scrollY": 0,
					"tileX": 1,
					"tileY": 1,
					"textOn": true,
					"text": "Score: ${score.p}",
					"font": "Impact",
					"size": 30,
					"fill": "#ffffff",
					"style": "Normal",
					"align": "Left",
					"offsetX": 0,
					"offsetY": 0,
					"soundOn": false,
					"sound": "",
					"start": 0,
					"volume": 1,
					"pan": 0,
					"loop": false,
					"physicsOn": false,
					"type": "Dynamic",
					"fixedAngle": false,
					"velocityX": 0,
					"velocityY": 0,
					"angularVelocity": 0,
					"density": 1,
					"friction": 0.5,
					"restitution": 0.5,
					"dampingLinear": 0,
					"dampingAngular": 0,
					"name": "score",
					"p": 0
				}
			]
		},
		{
			"name": "Scene_2",
			"actorList": [
				{
					"scriptList": [],
					"key": 0,
					"sleeping": false,
					"x": 0,
					"y": 0,
					"width": 802,
					"height": 482,
					"scaleX": 1.0442708333333333,
					"scaleY": 0.94140625,
					"angle": 0,
					"screen": false,
					"collider": "Box",
					"tags": "",
					"spriteOn": true,
					"image": "purple.png",
					"color": "#ffffff",
					"opacity": 1,
					"flipX": false,
					"flipY": false,
					"scrollX": 0,
					"scrollY": -100,
					"tileX": 3,
					"tileY": 2,
					"textOn": true,
					"text": "GAME OVER",
					"font": "Impact",
					"size": 100,
					"fill": "#c0c0c0",
					"style": "Normal",
					"align": "Center",
					"offsetX": 0,
					"offsetY": 0,
					"soundOn": false,
					"sound": "",
					"start": 0,
					"volume": 1,
					"pan": 0,
					"loop": false,
					"physicsOn": false,
					"type": "Dynamic",
					"fixedAngle": false,
					"velocityX": 0,
					"velocityY": 0,
					"angularVelocity": 0,
					"density": 1,
					"friction": 0.5,
					"restitution": 0.5,
					"dampingLinear": 0,
					"dampingAngular": 0,
					"name": "Actor_1"
				},
				{
					"scriptList": [
						{
							"nodeList": [
								{
									"type": "Touch",
									"parameters": {
										"mode": "Down",
										"on_Actor": true
									},
									"nodeListTrue": [
										{
											"type": "Edit",
											"parameters": {
												"property": "Game.currentScene",
												"value": "Scene_1"
											}
										}
									],
									"nodeListFalse": []
								}
							],
							"name": "Script_1"
						}
					],
					"key": 0,
					"sleeping": false,
					"x": 0,
					"y": -125,
					"width": 132.5,
					"height": 50,
					"scaleX": 2.65,
					"scaleY": 1,
					"angle": 0,
					"screen": false,
					"collider": "Box",
					"tags": "",
					"spriteOn": true,
					"image": "",
					"color": "#c0c0c0",
					"opacity": 1,
					"flipX": false,
					"flipY": false,
					"scrollX": 0,
					"scrollY": 0,
					"tileX": 1,
					"tileY": 1,
					"textOn": true,
					"text": "START",
					"font": "Impact",
					"size": 30,
					"fill": "#400080",
					"style": "Normal",
					"align": "Center",
					"offsetX": 0,
					"offsetY": 0,
					"soundOn": false,
					"sound": "",
					"start": 0,
					"volume": 1,
					"pan": 0,
					"loop": false,
					"physicsOn": false,
					"type": "Dynamic",
					"fixedAngle": false,
					"velocityX": 0,
					"velocityY": 0,
					"angularVelocity": 0,
					"density": 1,
					"friction": 0.5,
					"restitution": 0.5,
					"dampingLinear": 0,
					"dampingAngular": 0,
					"name": "Actor_2"
				},
				{
					"scriptList": [],
					"key": 0,
					"sleeping": false,
					"x": 0,
					"y": 111,
					"width": 164.5,
					"height": 50,
					"scaleX": 3.29,
					"scaleY": 1,
					"angle": 0,
					"screen": false,
					"collider": "Box",
					"tags": "",
					"spriteOn": false,
					"image": "",
					"color": "#ffffff",
					"opacity": 1,
					"flipX": false,
					"flipY": false,
					"scrollX": 0,
					"scrollY": 0,
					"tileX": 1,
					"tileY": 1,
					"textOn": true,
					"text": "Score: ${Game.score}",
					"font": "Impact",
					"size": 30,
					"fill": "#ffffff",
					"style": "Normal",
					"align": "Center",
					"offsetX": 0,
					"offsetY": 0,
					"soundOn": false,
					"sound": "",
					"start": 0,
					"volume": 1,
					"pan": 0,
					"loop": false,
					"physicsOn": false,
					"type": "Dynamic",
					"fixedAngle": false,
					"velocityX": 0,
					"velocityY": 0,
					"angularVelocity": 0,
					"density": 1,
					"friction": 0.5,
					"restitution": 0.5,
					"dampingLinear": 0,
					"dampingAngular": 0,
					"name": "Actor_3"
				}
			]
		}
	],
	"name": "Asteroids",
	"displayWidth": 800,
	"displayHeight": 480,
	"cameraX": 0,
	"cameraY": 0,
	"cameraAngle": 0,
	"cameraZoom": 1,
	"backgroundColor": "#ffffff",
	"soundOn": false,
	"soundtrack": "",
	"volume": 1,
	"start": 0,
	"pan": 0,
	"loop": false,
	"physicsOn": true,
	"gravityX": 0,
	"gravityY": 0,
	"score": 0,
	"debug": false
}