{
	"name": "Pirate Bomb",
	"displayWidth": 800,
	"displayHeight": 480,
	"cameraX": 0,
	"cameraY": 0,
	"cameraAngle": 0,
	"cameraZoom": 1,
	"backgroundColor": "#1fc5db",
	"soundOn": false,
	"soundtrack": "",
	"volume": 1,
	"start": 0,
	"pan": 0,
	"loop": false,
	"physicsOn": true,
	"gravityX": 0,
	"gravityY": -9.8,
	"tagList": [
		"ground"
	],
	"sceneList": [
		{
			"name": "Scene_1",
			"actorList": [
				{
					"name": "Actor_5",
					"sleeping": false,
					"x": 0,
					"y": 0,
					"width": 640,
					"height": 320,
					"scaleX": 1,
					"scaleY": 1,
					"angle": 0,
					"screen": false,
					"collider": "Box",
					"tags": "",
					"spriteOn": true,
					"image": "row-2-col-5.png",
					"color": "#ffffff",
					"opacity": 1,
					"flipX": false,
					"flipY": false,
					"scrollX": 0,
					"scrollY": 0,
					"tileX": 10,
					"tileY": 5,
					"textOn": false,
					"text": "",
					"font": "Arial",
					"size": 30,
					"fill": "#000000",
					"style": "Normal",
					"align": "Center",
					"offsetX": 0,
					"offsetY": 0,
					"soundOn": false,
					"sound": "",
					"start": 0,
					"volume": 1,
					"pan": 0,
					"loop": false,
					"physicsOn": false,
					"type": "Dynamic",
					"fixedAngle": false,
					"velocityX": 0,
					"velocityY": 0,
					"angularVelocity": 0,
					"density": 1,
					"friction": 0.5,
					"restitution": 0.5,
					"dampingLinear": 0,
					"dampingAngular": 0,
					"scriptList": []
				},
				{
					"name": "Actor_6",
					"sleeping": false,
					"x": 0,
					"y": -192,
					"width": 640,
					"height": 64,
					"scaleX": 1,
					"scaleY": 1,
					"angle": 0,
					"screen": false,
					"collider": "Box",
					"tags": "",
					"spriteOn": true,
					"image": "row-1-col-2.png",
					"color": "#ffffff",
					"opacity": 1,
					"flipX": false,
					"flipY": false,
					"scrollX": 0,
					"scrollY": 0,
					"tileX": 10,
					"tileY": 1,
					"textOn": false,
					"text": "",
					"font": "Arial",
					"size": 30,
					"fill": "#000000",
					"style": "Normal",
					"align": "Center",
					"offsetX": 0,
					"offsetY": 0,
					"soundOn": false,
					"sound": "",
					"start": 0,
					"volume": 1,
					"pan": 0,
					"loop": false,
					"physicsOn": false,
					"type": "Dynamic",
					"fixedAngle": false,
					"velocityX": 0,
					"velocityY": 0,
					"angularVelocity": 0,
					"density": 1,
					"friction": 0.5,
					"restitution": 0.5,
					"dampingLinear": 0,
					"dampingAngular": 0,
					"scriptList": []
				},
				{
					"name": "Actor_1",
					"sleeping": false,
					"x": 0,
					"y": 0,
					"width": 58,
					"height": 58,
					"scaleX": 1,
					"scaleY": 1,
					"angle": 0,
					"screen": false,
					"collider": "Box",
					"tags": "",
					"spriteOn": true,
					"image": "1.png",
					"color": "#ffffff",
					"opacity": 1,
					"flipX": false,
					"flipY": false,
					"scrollX": 0,
					"scrollY": 0,
					"tileX": 1,
					"tileY": 1,
					"textOn": false,
					"text": "",
					"font": "Arial",
					"size": 30,
					"fill": "#000000",
					"style": "Normal",
					"align": "Center",
					"offsetX": 0,
					"offsetY": 0,
					"soundOn": false,
					"sound": "",
					"start": 0,
					"volume": 1,
					"pan": 0,
					"loop": false,
					"physicsOn": true,
					"type": "Dynamic",
					"fixedAngle": true,
					"velocityX": 0,
					"velocityY": 0,
					"angularVelocity": 0,
					"density": 1,
					"friction": 0.5,
					"restitution": 0,
					"dampingLinear": 0,
					"dampingAngular": 0,
					"scriptList": [
						{
							"name": "Move",
							"nodeList": [
								{
									"type": "Animate",
									"parameters": {
										"animation": "r1.png,r2.png,r3.png,r4.png,r5.png,r6.png,r7.png,r8.png,r9.png,r10.png,r11.png,r12.png,r13.png,r14.png",
										"fps": 24
									}
								},
								{
									"type": "Keyboard",
									"parameters": {
										"key": "ArrowRight",
										"key_Mode": "Pressed"
									},
									"nodeListTrue": [
										{
											"type": "Edit",
											"parameters": {
												"property": "Me.velocityX",
												"value": "200"
											}
										},
										{
											"type": "Edit",
											"parameters": {
												"property": "Me.flipX",
												"value": false
											}
										}
									],
									"nodeListFalse": [
										{
											"type": "Keyboard",
											"parameters": {
												"key": "ArrowLeft",
												"key_Mode": "Pressed"
											},
											"nodeListTrue": [
												{
													"type": "Edit",
													"parameters": {
														"property": "Me.velocityX",
														"value": "-200"
													}
												},
												{
													"type": "Edit",
													"parameters": {
														"property": "Me.flipX",
														"value": true
													}
												}
											],
											"nodeListFalse": [
												{
													"type": "Compare",
													"parameters": {
														"value_1": "Me.velocityY",
														"operation": "Different",
														"value_2": "0"
													},
													"nodeListTrue": [
														{
															"type": "Animate",
															"parameters": {
																"animation": "j1.png,j2.png,j3.png,j4.png",
																"fps": "1"
															}
														}
													],
													"nodeListFalse": [
														{
															"type": "Animate",
															"parameters": {
																"animation": "1.png,2.png,3.png,4.png,5.png,6.png,7.png,8.png,9.png,10.png,11.png,12.png,13.png,14.png,15.png,16.png,17.png,18.png,19.png,20.png,21.png,22.png,23.png,24.png,25.png,26.png",
																"fps": 24
															}
														}
													]
												}
											]
										}
									]
								},
								{
									"type": "Collision",
									"parameters": {
										"tags": "ground"
									},
									"nodeListTrue": [
										{
											"type": "Keyboard",
											"parameters": {
												"key": "ArrowUp",
												"key_Mode": "Down"
											},
											"nodeListTrue": [
												{
													"type": "Edit",
													"parameters": {
														"property": "Me.velocityY",
														"value": "400"
													}
												}
											],
											"nodeListFalse": []
										}
									],
									"nodeListFalse": []
								}
							]
						},
						{
							"name": "Spawn_bomb",
							"nodeList": [
								{
									"type": "Collision",
									"parameters": {
										"tags": "ground"
									},
									"nodeListTrue": [
										{
											"type": "Keyboard",
											"parameters": {
												"key": "Space",
												"key_Mode": "Down"
											},
											"nodeListTrue": [
												{
													"type": "Spawn",
													"parameters": {
														"actor": "Bomb",
														"x": 0,
														"y": 0,
														"angle": 0
													}
												}
											],
											"nodeListFalse": []
										}
									],
									"nodeListFalse": []
								}
							]
						}
					]
				},
				{
					"name": "Floor",
					"sleeping": false,
					"x": -0.2309088188566193,
					"y": -167.80316413595446,
					"width": 639.9660009096679,
					"height": 15.19439440434087,
					"scaleX": 12.799320018193356,
					"scaleY": 0.3038878880868174,
					"angle": 0,
					"screen": false,
					"collider": "Box",
					"tags": "ground",
					"spriteOn": false,
					"image": "",
					"color": "#383838",
					"opacity": 1,
					"flipX": false,
					"flipY": false,
					"scrollX": 0,
					"scrollY": 0,
					"tileX": 1,
					"tileY": 1,
					"textOn": false,
					"text": "",
					"font": "Arial",
					"size": 30,
					"fill": "#000000",
					"style": "Normal",
					"align": "Center",
					"offsetX": 0,
					"offsetY": 0,
					"soundOn": false,
					"sound": "",
					"start": 0,
					"volume": 1,
					"pan": 0,
					"loop": false,
					"physicsOn": true,
					"type": "Static",
					"fixedAngle": false,
					"velocityX": 0,
					"velocityY": 0,
					"angularVelocity": 0,
					"density": 1,
					"friction": 0.5,
					"restitution": 0,
					"dampingLinear": 0,
					"dampingAngular": 0,
					"scriptList": []
				},
				{
					"name": "Bomb",
					"sleeping": true,
					"x": 308.35322359396423,
					"y": 294.7359396433469,
					"width": 96,
					"height": 108,
					"scaleX": 1,
					"scaleY": 1,
					"angle": 0,
					"screen": false,
					"collider": "Box",
					"tags": "",
					"spriteOn": true,
					"image": "b1.png",
					"color": "#ffffff",
					"opacity": 1,
					"flipX": false,
					"flipY": false,
					"scrollX": 0,
					"scrollY": 0,
					"tileX": 1,
					"tileY": 1,
					"textOn": false,
					"text": "",
					"font": "Arial",
					"size": 30,
					"fill": "#000000",
					"style": "Normal",
					"align": "Center",
					"offsetX": 0,
					"offsetY": 0,
					"soundOn": false,
					"sound": "",
					"start": 0,
					"volume": 1,
					"pan": 0,
					"loop": false,
					"physicsOn": false,
					"type": "Dynamic",
					"fixedAngle": true,
					"velocityX": 0,
					"velocityY": 0,
					"angularVelocity": 0,
					"density": 1,
					"friction": 0.5,
					"restitution": 0,
					"dampingLinear": 0,
					"dampingAngular": 0,
					"scriptList": [
						{
							"name": "Script_1",
							"nodeList": [
								{
									"type": "Animate",
									"parameters": {
										"animation": "b1.png,b2.png,b3.png,b4.png,b5.png,b6.png,b7.png,b8.png,b9.png,b10.png",
										"fps": 24
									}
								},
								{
									"type": "Timer",
									"parameters": {
										"seconds": "2"
									},
									"nodeListTrue": [
										{
											"type": "Spawn",
											"parameters": {
												"actor": "Explosion",
												"x": 0,
												"y": 0,
												"angle": 0
											}
										},
										{
											"type": "Delete",
											"parameters": {}
										}
									],
									"nodeListFalse": []
								}
							]
						}
					]
				},
				{
					"name": "Explosion",
					"sleeping": true,
					"x": 215.0747599451302,
					"y": 281.0185185185185,
					"width": 96,
					"height": 108,
					"scaleX": 1,
					"scaleY": 1,
					"angle": 0,
					"screen": false,
					"collider": "Box",
					"tags": "",
					"spriteOn": true,
					"image": "e2.png",
					"color": "#ffffff",
					"opacity": 1,
					"flipX": false,
					"flipY": false,
					"scrollX": 0,
					"scrollY": 0,
					"tileX": 1,
					"tileY": 1,
					"textOn": false,
					"text": "",
					"font": "Arial",
					"size": 30,
					"fill": "#000000",
					"style": "Normal",
					"align": "Center",
					"offsetX": 0,
					"offsetY": 0,
					"soundOn": false,
					"sound": "",
					"start": 0,
					"volume": 1,
					"pan": 0,
					"loop": false,
					"physicsOn": false,
					"type": "Dynamic",
					"fixedAngle": false,
					"velocityX": 0,
					"velocityY": 0,
					"angularVelocity": 0,
					"density": 1,
					"friction": 0.5,
					"restitution": 0.5,
					"dampingLinear": 0,
					"dampingAngular": 0,
					"scriptList": [
						{
							"name": "Script_1",
							"nodeList": [
								{
									"type": "Animate",
									"parameters": {
										"animation": "e1.png,e2.png,e3.png,e4.png,e5.png,e6.png,e7.png,e8.png,e9.png",
										"fps": 24
									}
								},
								{
									"type": "Timer",
									"parameters": {
										"seconds": ".5"
									},
									"nodeListTrue": [
										{
											"type": "Delete",
											"parameters": {}
										}
									],
									"nodeListFalse": []
								}
							]
						}
					]
				}
			]
		}
	]
}