{
	"tagList": [
		"enemy"
	],
	"sceneList": [
		{
			"name": "Main",
			"actorList": [
				{
					"scriptList": [],
					"key": 0,
					"sleeping": false,
					"x": 0,
					"y": -65.8125,
					"width": 819.5,
					"height": 614.625,
					"scaleX": 0.8195,
					"scaleY": 0.8195,
					"angle": 0,
					"screen": false,
					"collider": "Box",
					"tags": "",
					"spriteOn": true,
					"image": "BG.png",
					"color": "#ffffff",
					"opacity": 1,
					"flipX": false,
					"flipY": false,
					"scrollX": 0,
					"scrollY": 0,
					"tileX": 1,
					"tileY": 1,
					"textOn": false,
					"text": "",
					"font": "Arial",
					"size": 30,
					"fill": "#000000",
					"style": "Normal",
					"align": "Center",
					"offsetX": 0,
					"offsetY": 0,
					"soundOn": false,
					"sound": "",
					"start": 0,
					"volume": 1,
					"pan": 0,
					"loop": false,
					"physicsOn": false,
					"type": "Kinematic",
					"fixedAngle": false,
					"velocityX": 0,
					"velocityY": 0,
					"angularVelocity": 0,
					"density": 1,
					"friction": 0.5,
					"restitution": 0.5,
					"dampingLinear": 0,
					"dampingAngular": 0,
					"name": "background"
				},
				{
					"scriptList": [],
					"key": 0,
					"sleeping": false,
					"x": -139.1555720419198,
					"y": -133.73128832587832,
					"width": 50,
					"height": 41,
					"scaleX": 1,
					"scaleY": 1,
					"angle": 0,
					"screen": false,
					"collider": "Box",
					"tags": "",
					"spriteOn": true,
					"image": "Mushroom_2.png",
					"color": "#ffffff",
					"opacity": 1,
					"flipX": false,
					"flipY": false,
					"scrollX": 0,
					"scrollY": 0,
					"tileX": 1,
					"tileY": 1,
					"textOn": false,
					"text": "",
					"font": "Arial",
					"size": 30,
					"fill": "#000000",
					"style": "Normal",
					"align": "Center",
					"offsetX": 0,
					"offsetY": 0,
					"soundOn": false,
					"sound": "",
					"start": 0,
					"volume": 1,
					"pan": 0,
					"loop": false,
					"physicsOn": false,
					"type": "Dynamic",
					"fixedAngle": false,
					"velocityX": 0,
					"velocityY": 0,
					"angularVelocity": 0,
					"density": 1,
					"friction": 0.5,
					"restitution": 0.5,
					"dampingLinear": 0,
					"dampingAngular": 0,
					"name": "mushroom"
				},
				{
					"scriptList": [
						{
							"nodeList": [
								{
									"type": "Keyboard",
									"parameters": {
										"key": "ArrowRight",
										"key_Mode": "Pressed"
									},
									"nodeListTrue": [
										{
											"type": "Animate",
											"parameters": {
												"animation": "w1.png,w2.png,w3.png,w4.png,w5.png,w6.png",
												"fps": "30"
											}
										},
										{
											"type": "Edit",
											"parameters": {
												"property": "Me.flipX",
												"value": false
											}
										},
										{
											"type": "Move",
											"parameters": {
												"speed": "300",
												"angle": 0
											}
										}
									],
									"nodeListFalse": []
								},
								{
									"type": "Keyboard",
									"parameters": {
										"key": "ArrowLeft",
										"key_Mode": "Pressed"
									},
									"nodeListTrue": [
										{
											"type": "Animate",
											"parameters": {
												"animation": "w1.png,w2.png,w3.png,w4.png,w5.png,w6.png",
												"fps": "30"
											}
										},
										{
											"type": "Edit",
											"parameters": {
												"property": "Me.flipX",
												"value": true
											}
										},
										{
											"type": "Move",
											"parameters": {
												"speed": "300",
												"angle": "180"
											}
										}
									],
									"nodeListFalse": []
								}
							],
							"name": "Script_1"
						},
						{
							"nodeList": [
								{
									"type": "Collision",
									"parameters": {
										"tags": "enemy"
									},
									"nodeListTrue": [
										{
											"type": "Edit",
											"parameters": {
												"property": "Game.currentScene",
												"value": "Game_Over"
											}
										}
									],
									"nodeListFalse": []
								}
							],
							"name": "Script_2"
						}
					],
					"key": 0,
					"sleeping": false,
					"x": 0,
					"y": 32,
					"width": 67.2,
					"height": 72,
					"scaleX": 0.12,
					"scaleY": 0.12,
					"angle": 0,
					"screen": false,
					"collider": "Box",
					"tags": "enemy",
					"spriteOn": true,
					"image": "w1.png",
					"color": "#ffffff",
					"opacity": 1,
					"flipX": false,
					"flipY": false,
					"scrollX": 0,
					"scrollY": 0,
					"tileX": 1,
					"tileY": 1,
					"textOn": false,
					"text": "",
					"font": "Arial",
					"size": 30,
					"fill": "#000000",
					"style": "Normal",
					"align": "Center",
					"offsetX": 0,
					"offsetY": 0,
					"soundOn": false,
					"sound": "",
					"start": 0,
					"volume": 1,
					"pan": 0,
					"loop": false,
					"physicsOn": true,
					"type": "Dynamic",
					"fixedAngle": false,
					"velocityX": 0,
					"velocityY": 0,
					"angularVelocity": 0,
					"density": 1,
					"friction": 0.5,
					"restitution": 0,
					"dampingLinear": 0,
					"dampingAngular": 0,
					"name": "player"
				},
				{
					"scriptList": [
						{
							"nodeList": [
								{
									"type": "Move",
									"parameters": {
										"speed": "300",
										"angle": "-90"
									}
								}
							],
							"name": "Script_1"
						}
					],
					"key": 0,
					"sleeping": true,
					"x": -356,
					"y": 289,
					"width": 77,
					"height": 77,
					"scaleX": 1,
					"scaleY": 1,
					"angle": 0,
					"screen": false,
					"collider": "Box",
					"tags": "enemy",
					"spriteOn": true,
					"image": "Crate.png",
					"color": "#ffffff",
					"opacity": 1,
					"flipX": false,
					"flipY": false,
					"scrollX": 0,
					"scrollY": 0,
					"tileX": 1,
					"tileY": 1,
					"textOn": false,
					"text": "",
					"font": "Arial",
					"size": 30,
					"fill": "#000000",
					"style": "Normal",
					"align": "Center",
					"offsetX": 0,
					"offsetY": 0,
					"soundOn": false,
					"sound": "",
					"start": 0,
					"volume": 1,
					"pan": 0,
					"loop": false,
					"physicsOn": false,
					"type": "Kinematic",
					"fixedAngle": false,
					"velocityX": 0,
					"velocityY": 0,
					"angularVelocity": 0,
					"density": 1,
					"friction": 0.5,
					"restitution": 0.5,
					"dampingLinear": 0,
					"dampingAngular": 0,
					"name": "box"
				},
				{
					"scriptList": [],
					"key": 0,
					"sleeping": false,
					"x": 3.7532909293985313,
					"y": -215.9351765759368,
					"width": 896,
					"height": 128,
					"scaleX": 1,
					"scaleY": 1,
					"angle": 0,
					"screen": false,
					"collider": "Box",
					"tags": "",
					"spriteOn": true,
					"image": "2.png",
					"color": "#ffffff",
					"opacity": 1,
					"flipX": false,
					"flipY": false,
					"scrollX": 0,
					"scrollY": 0,
					"tileX": 7,
					"tileY": 1,
					"textOn": false,
					"text": "",
					"font": "Arial",
					"size": 30,
					"fill": "#000000",
					"style": "Normal",
					"align": "Center",
					"offsetX": 0,
					"offsetY": 0,
					"soundOn": false,
					"sound": "",
					"start": 0,
					"volume": 1,
					"pan": 0,
					"loop": false,
					"physicsOn": true,
					"type": "Static",
					"fixedAngle": false,
					"velocityX": 0,
					"velocityY": 0,
					"angularVelocity": 0,
					"density": 1,
					"friction": 0.5,
					"restitution": 0,
					"dampingLinear": 0,
					"dampingAngular": 0,
					"name": "ground"
				},
				{
					"scriptList": [],
					"key": 0,
					"sleeping": false,
					"x": 237.5665574782733,
					"y": -145.72515498727097,
					"width": 50,
					"height": 41,
					"scaleX": 1,
					"scaleY": 1,
					"angle": 0,
					"screen": false,
					"collider": "Box",
					"tags": "",
					"spriteOn": true,
					"image": "Mushroom_2.png",
					"color": "#ffffff",
					"opacity": 1,
					"flipX": false,
					"flipY": false,
					"scrollX": 0,
					"scrollY": 0,
					"tileX": 1,
					"tileY": 1,
					"textOn": false,
					"text": "",
					"font": "Arial",
					"size": 30,
					"fill": "#000000",
					"style": "Normal",
					"align": "Center",
					"offsetX": 0,
					"offsetY": 0,
					"soundOn": false,
					"sound": "",
					"start": 0,
					"volume": 1,
					"pan": 0,
					"loop": false,
					"physicsOn": false,
					"type": "Dynamic",
					"fixedAngle": false,
					"velocityX": 0,
					"velocityY": 0,
					"angularVelocity": 0,
					"density": 1,
					"friction": 0.5,
					"restitution": 0.5,
					"dampingLinear": 0,
					"dampingAngular": 0,
					"name": "mushroom1"
				},
				{
					"scriptList": [],
					"key": 0,
					"sleeping": false,
					"x": -425.72512137428,
					"y": -17.162054870681004,
					"width": 50,
					"height": 521.0569525016806,
					"scaleX": 1,
					"scaleY": 10.421139050033613,
					"angle": 0,
					"screen": false,
					"collider": "Box",
					"tags": "",
					"spriteOn": false,
					"image": "",
					"color": "#ffffff",
					"opacity": 1,
					"flipX": false,
					"flipY": false,
					"scrollX": 0,
					"scrollY": 0,
					"tileX": 1,
					"tileY": 1,
					"textOn": false,
					"text": "",
					"font": "Arial",
					"size": 30,
					"fill": "#000000",
					"style": "Normal",
					"align": "Center",
					"offsetX": 0,
					"offsetY": 0,
					"soundOn": false,
					"sound": "",
					"start": 0,
					"volume": 1,
					"pan": 0,
					"loop": false,
					"physicsOn": true,
					"type": "Static",
					"fixedAngle": false,
					"velocityX": 0,
					"velocityY": 0,
					"angularVelocity": 0,
					"density": 1,
					"friction": 0.5,
					"restitution": 0.5,
					"dampingLinear": 0,
					"dampingAngular": 0,
					"name": "leftCollider"
				},
				{
					"scriptList": [],
					"key": 0,
					"sleeping": false,
					"x": 424.40685384091705,
					"y": -19.039061183727426,
					"width": 50,
					"height": 520.3061499764619,
					"scaleX": 1,
					"scaleY": 10.40612299952924,
					"angle": 0,
					"screen": false,
					"collider": "Box",
					"tags": "",
					"spriteOn": false,
					"image": "",
					"color": "#ffffff",
					"opacity": 1,
					"flipX": false,
					"flipY": false,
					"scrollX": 0,
					"scrollY": 0,
					"tileX": 1,
					"tileY": 1,
					"textOn": false,
					"text": "",
					"font": "Arial",
					"size": 30,
					"fill": "#000000",
					"style": "Normal",
					"align": "Center",
					"offsetX": 0,
					"offsetY": 0,
					"soundOn": false,
					"sound": "",
					"start": 0,
					"volume": 1,
					"pan": 0,
					"loop": false,
					"physicsOn": true,
					"type": "Static",
					"fixedAngle": false,
					"velocityX": 0,
					"velocityY": 0,
					"angularVelocity": 0,
					"density": 1,
					"friction": 0.5,
					"restitution": 0.5,
					"dampingLinear": 0,
					"dampingAngular": 0,
					"name": "rightCollider"
				},
				{
					"scriptList": [
						{
							"nodeList": [
								{
									"type": "Timer",
									"parameters": {
										"seconds": "2"
									},
									"nodeListTrue": [
										{
											"type": "Spawn",
											"parameters": {
												"actor": "box",
												"x": "random(-350,350)",
												"y": 0,
												"angle": 0
											}
										}
									],
									"nodeListFalse": []
								}
							],
							"name": "Script_1"
						}
					],
					"key": 0,
					"sleeping": false,
					"x": -71,
					"y": 280,
					"width": 50,
					"height": 50,
					"scaleX": 1,
					"scaleY": 1,
					"angle": 0,
					"screen": false,
					"collider": "Box",
					"tags": "",
					"spriteOn": true,
					"image": "",
					"color": "#ffffff",
					"opacity": 1,
					"flipX": false,
					"flipY": false,
					"scrollX": 0,
					"scrollY": 0,
					"tileX": 1,
					"tileY": 1,
					"textOn": false,
					"text": "",
					"font": "Arial",
					"size": 30,
					"fill": "#000000",
					"style": "Normal",
					"align": "Center",
					"offsetX": 0,
					"offsetY": 0,
					"soundOn": false,
					"sound": "",
					"start": 0,
					"volume": 1,
					"pan": 0,
					"loop": false,
					"physicsOn": false,
					"type": "Kinematic",
					"fixedAngle": false,
					"velocityX": 0,
					"velocityY": 0,
					"angularVelocity": 0,
					"density": 1,
					"friction": 0.5,
					"restitution": 0.5,
					"dampingLinear": 0,
					"dampingAngular": 0,
					"name": "boxSpawn"
				}
			]
		},
		{
			"name": "Game_Over",
			"actorList": [
				{
					"scriptList": [],
					"key": 0,
					"sleeping": false,
					"x": 0,
					"y": 0,
					"width": 1000,
					"height": 750,
					"scaleX": 1,
					"scaleY": 1,
					"angle": 0,
					"screen": false,
					"collider": "Box",
					"tags": "",
					"spriteOn": true,
					"image": "BG.png",
					"color": "#ffffff",
					"opacity": 1,
					"flipX": false,
					"flipY": false,
					"scrollX": 0,
					"scrollY": 0,
					"tileX": 1,
					"tileY": 1,
					"textOn": false,
					"text": "",
					"font": "Arial",
					"size": 30,
					"fill": "#000000",
					"style": "Normal",
					"align": "Center",
					"offsetX": 0,
					"offsetY": 0,
					"soundOn": false,
					"sound": "",
					"start": 0,
					"volume": 1,
					"pan": 0,
					"loop": false,
					"physicsOn": false,
					"type": "Kinematic",
					"fixedAngle": false,
					"velocityX": 0,
					"velocityY": 0,
					"angularVelocity": 0,
					"density": 1,
					"friction": 0.5,
					"restitution": 0.5,
					"dampingLinear": 0,
					"dampingAngular": 0,
					"name": "Actor_3"
				},
				{
					"scriptList": [],
					"key": 0,
					"sleeping": false,
					"x": 0,
					"y": 0,
					"width": 299,
					"height": 50,
					"scaleX": 5.98,
					"scaleY": 1,
					"angle": 0,
					"screen": false,
					"collider": "Box",
					"tags": "",
					"spriteOn": false,
					"image": "",
					"color": "#ffffff",
					"opacity": 1,
					"flipX": false,
					"flipY": false,
					"scrollX": 0,
					"scrollY": 0,
					"tileX": 1,
					"tileY": 1,
					"textOn": true,
					"text": "Game Over",
					"font": "Impact",
					"size": 50,
					"fill": "#000000",
					"style": "Normal",
					"align": "Center",
					"offsetX": 0,
					"offsetY": 0,
					"soundOn": false,
					"sound": "",
					"start": 0,
					"volume": 1,
					"pan": 0,
					"loop": false,
					"physicsOn": false,
					"type": "Kinematic",
					"fixedAngle": false,
					"velocityX": 0,
					"velocityY": 0,
					"angularVelocity": 0,
					"density": 1,
					"friction": 0.5,
					"restitution": 0.5,
					"dampingLinear": 0,
					"dampingAngular": 0,
					"name": "Actor_1"
				},
				{
					"scriptList": [
						{
							"nodeList": [
								{
									"type": "Touch",
									"parameters": {
										"mode": "Down",
										"on_Actor": true
									},
									"nodeListTrue": [
										{
											"type": "Edit",
											"parameters": {
												"property": "Game.currentScene",
												"value": "Main"
											}
										}
									],
									"nodeListFalse": []
								}
							],
							"name": "Script_1"
						}
					],
					"key": 0,
					"sleeping": false,
					"x": 0,
					"y": -110.5,
					"width": 152.75,
					"height": 50,
					"scaleX": 3.055,
					"scaleY": 1,
					"angle": 0,
					"screen": false,
					"collider": "Box",
					"tags": "",
					"spriteOn": true,
					"image": "",
					"color": "#ffffff",
					"opacity": 1,
					"flipX": false,
					"flipY": false,
					"scrollX": 0,
					"scrollY": 0,
					"tileX": 1,
					"tileY": 1,
					"textOn": true,
					"text": "Restart",
					"font": "Impact",
					"size": 30,
					"fill": "#008040",
					"style": "Normal",
					"align": "Center",
					"offsetX": 0,
					"offsetY": 0,
					"soundOn": false,
					"sound": "",
					"start": 0,
					"volume": 1,
					"pan": 0,
					"loop": false,
					"physicsOn": false,
					"type": "Kinematic",
					"fixedAngle": false,
					"velocityX": 0,
					"velocityY": 0,
					"angularVelocity": 0,
					"density": 1,
					"friction": 0.5,
					"restitution": 0.5,
					"dampingLinear": 0,
					"dampingAngular": 0,
					"name": "Actor_1_copy"
				}
			]
		}
	],
	"name": "Box Doger",
	"displayWidth": 800,
	"displayHeight": 420,
	"cameraX": 0,
	"cameraY": 0,
	"cameraAngle": 0,
	"cameraZoom": 1,
	"backgroundColor": "#ffffff",
	"soundOn": true,
	"soundtrack": "",
	"volume": 1,
	"start": 0,
	"pan": 0,
	"loop": false,
	"physicsOn": true,
	"gravityX": 0,
	"gravityY": -9.8
}